id,name,group,short_description,识别锚点,线条与造型,人物设计,色彩体系,上色与渲染,光影,分镜与版式,材质与表面,最适合题材,避免混淆,GPT_Image_2_5_核心提示词
1,商业全彩国漫,东亚商业数字漫画,国产主流网络漫画视觉，精致数字线稿、完整上色、电影化光影，兼顾写实与动漫感。,精致俊美角色、商业级全彩、电影光影,清晰数字线稿，轮廓和表情优先,角色造型和表演必须服务该类型；不要只换滤镜或背景。,人物与背景综合色彩分离，重点镜头增强对比,数字上色，角色/环境/特效分层,光影服从题材和类型；关键镜头强化视觉焦点。,远中近景、表情特写和关键大格交替,画面干净，按需加入速度线、网点和粒子,选择都市、校园、冒险、竞技、悬疑等最能体现商业漫画表现力的题材,避免纯日式赛璐璐或韩式柔雾Webtoon,漫画视觉体系：商业全彩国漫。核心识别锚点：精致俊美角色、商业级全彩、电影光影。线条与造型：清晰数字线稿，轮廓和表情优先。人物：角色造型和表演必须服务该类型；不要只换滤镜或背景。。色彩：人物与背景综合色彩分离，重点镜头增强对比。上色/渲染：数字上色，角色/环境/特效分层。光影：光影服从题材和类型；关键镜头强化视觉焦点。。分镜与版式：远中近景、表情特写和关键大格交替。材质：画面干净，按需加入速度线、网点和粒子。题材建议：选择都市、校园、冒险、竞技、悬疑等最能体现商业漫画表现力的题材。风格区分：避免纯日式赛璐璐或韩式柔雾Webtoon。创作真实完整的漫画页面，而不是单张角色插画或四幅无关图片；人物、环境、文字、气泡、音效和特效必须统一属于所选视觉体系。
2,日系动漫化彩漫,东亚商业数字漫画,以日漫人物设计和赛璐璐上色为核心，表情鲜明、动作夸张、速度线和漫画符号丰富。,日系角色设计、硬边赛璐璐、速度线和漫画符号,清晰数字线稿，轮廓和表情优先,角色造型和表演必须服务该类型；不要只换滤镜或背景。,人物与背景综合色彩分离，重点镜头增强对比,数字上色，角色/环境/特效分层,光影服从题材和类型；关键镜头强化视觉焦点。,远中近景、表情特写和关键大格交替,画面干净，按需加入速度线、网点和粒子,选择都市、校园、冒险、竞技、悬疑等最能体现商业漫画表现力的题材,避免写实厚涂与摄影感,漫画视觉体系：日系动漫化彩漫。核心识别锚点：日系角色设计、硬边赛璐璐、速度线和漫画符号。线条与造型：清晰数字线稿，轮廓和表情优先。人物：角色造型和表演必须服务该类型；不要只换滤镜或背景。。色彩：人物与背景综合色彩分离，重点镜头增强对比。上色/渲染：数字上色，角色/环境/特效分层。光影：光影服从题材和类型；关键镜头强化视觉焦点。。分镜与版式：远中近景、表情特写和关键大格交替。材质：画面干净，按需加入速度线、网点和粒子。题材建议：选择都市、校园、冒险、竞技、悬疑等最能体现商业漫画表现力的题材。风格区分：避免写实厚涂与摄影感。创作真实完整的漫画页面，而不是单张角色插画或四幅无关图片；人物、环境、文字、气泡、音效和特效必须统一属于所选视觉体系。
3,韩式 Webtoon 感彩漫,东亚商业数字漫画,干净现代的数字彩漫风格，人物修长时尚，柔和渐变与电影式特写突出情绪。,修长时尚人物、细线、柔和渐变、电影情绪特写,清晰数字线稿，轮廓和表情优先,角色造型和表演必须服务该类型；不要只换滤镜或背景。,人物与背景综合色彩分离，重点镜头增强对比,数字上色，角色/环境/特效分层,光影服从题材和类型；关键镜头强化视觉焦点。,远中近景、表情特写和关键大格交替,画面干净，按需加入速度线、网点和粒子,选择都市、校园、冒险、竞技、悬疑等最能体现商业漫画表现力的题材,避免传统日漫大音效和美漫重墨,漫画视觉体系：韩式 Webtoon 感彩漫。核心识别锚点：修长时尚人物、细线、柔和渐变、电影情绪特写。线条与造型：清晰数字线稿，轮廓和表情优先。人物：角色造型和表演必须服务该类型；不要只换滤镜或背景。。色彩：人物与背景综合色彩分离，重点镜头增强对比。上色/渲染：数字上色，角色/环境/特效分层。光影：光影服从题材和类型；关键镜头强化视觉焦点。。分镜与版式：远中近景、表情特写和关键大格交替。材质：画面干净，按需加入速度线、网点和粒子。题材建议：选择都市、校园、冒险、竞技、悬疑等最能体现商业漫画表现力的题材。风格区分：避免传统日漫大音效和美漫重墨。创作真实完整的漫画页面，而不是单张角色插画或四幅无关图片；人物、环境、文字、气泡、音效和特效必须统一属于所选视觉体系。
4,少年热血漫画,东亚商业数字漫画,速度线、爆发构图、夸张透视和巨大音效字强化冲突与热血感。,爆发姿态、极端透视、速度线、巨大音效字,清晰数字线稿，轮廓和表情优先,角色造型和表演必须服务该类型；不要只换滤镜或背景。,人物与背景综合色彩分离，重点镜头增强对比,数字上色，角色/环境/特效分层,光影服从题材和类型；关键镜头强化视觉焦点。,远中近景、表情特写和关键大格交替,画面干净，按需加入速度线、网点和粒子,选择都市、校园、冒险、竞技、悬疑等最能体现商业漫画表现力的题材,避免均匀安静构图,漫画视觉体系：少年热血漫画。核心识别锚点：爆发姿态、极端透视、速度线、巨大音效字。线条与造型：清晰数字线稿，轮廓和表情优先。人物：角色造型和表演必须服务该类型；不要只换滤镜或背景。。色彩：人物与背景综合色彩分离，重点镜头增强对比。上色/渲染：数字上色，角色/环境/特效分层。光影：光影服从题材和类型；关键镜头强化视觉焦点。。分镜与版式：远中近景、表情特写和关键大格交替。材质：画面干净，按需加入速度线、网点和粒子。题材建议：选择都市、校园、冒险、竞技、悬疑等最能体现商业漫画表现力的题材。风格区分：避免均匀安静构图。创作真实完整的漫画页面，而不是单张角色插画或四幅无关图片；人物、环境、文字、气泡、音效和特效必须统一属于所选视觉体系。
5,青年漫画,东亚商业数字漫画,人物比例更写实，阴影和环境细节更重，适合悬疑、犯罪、职场和成熟题材。,写实人体、成熟表演、重环境细节、克制阴影,清晰数字线稿，轮廓和表情优先,角色造型和表演必须服务该类型；不要只换滤镜或背景。,人物与背景综合色彩分离，重点镜头增强对比,数字上色，角色/环境/特效分层,光影服从题材和类型；关键镜头强化视觉焦点。,远中近景、表情特写和关键大格交替,画面干净，按需加入速度线、网点和粒子,选择都市、校园、冒险、竞技、悬疑等最能体现商业漫画表现力的题材,避免Q版和幼态,漫画视觉体系：青年漫画。核心识别锚点：写实人体、成熟表演、重环境细节、克制阴影。线条与造型：清晰数字线稿，轮廓和表情优先。人物：角色造型和表演必须服务该类型；不要只换滤镜或背景。。色彩：人物与背景综合色彩分离，重点镜头增强对比。上色/渲染：数字上色，角色/环境/特效分层。光影：光影服从题材和类型；关键镜头强化视觉焦点。。分镜与版式：远中近景、表情特写和关键大格交替。材质：画面干净，按需加入速度线、网点和粒子。题材建议：选择都市、校园、冒险、竞技、悬疑等最能体现商业漫画表现力的题材。风格区分：避免Q版和幼态。创作真实完整的漫画页面，而不是单张角色插画或四幅无关图片；人物、环境、文字、气泡、音效和特效必须统一属于所选视觉体系。
6,少女漫画,东亚商业数字漫画,柔和线条、花瓣星光、眼神特写和大量留白，强调恋爱与细腻情绪。,纤细柔线、花瓣星光、眼神特写、大留白,清晰数字线稿，轮廓和表情优先,角色造型和表演必须服务该类型；不要只换滤镜或背景。,人物与背景综合色彩分离，重点镜头增强对比,数字上色，角色/环境/特效分层,光影服从题材和类型；关键镜头强化视觉焦点。,远中近景、表情特写和关键大格交替,画面干净，按需加入速度线、网点和粒子,选择都市、校园、冒险、竞技、悬疑等最能体现商业漫画表现力的题材,避免粗重黑块,漫画视觉体系：少女漫画。核心识别锚点：纤细柔线、花瓣星光、眼神特写、大留白。线条与造型：清晰数字线稿，轮廓和表情优先。人物：角色造型和表演必须服务该类型；不要只换滤镜或背景。。色彩：人物与背景综合色彩分离，重点镜头增强对比。上色/渲染：数字上色，角色/环境/特效分层。光影：光影服从题材和类型；关键镜头强化视觉焦点。。分镜与版式：远中近景、表情特写和关键大格交替。材质：画面干净，按需加入速度线、网点和粒子。题材建议：选择都市、校园、冒险、竞技、悬疑等最能体现商业漫画表现力的题材。风格区分：避免粗重黑块。创作真实完整的漫画页面，而不是单张角色插画或四幅无关图片；人物、环境、文字、气泡、音效和特效必须统一属于所选视觉体系。
7,女性漫画,东亚商业数字漫画,成熟都市人物和生活细节为主，情感克制，强调关系、职场与现实生活。,成年都市人物、时装、自然身体语言、现实关系,清晰数字线稿，轮廓和表情优先,角色造型和表演必须服务该类型；不要只换滤镜或背景。,人物与背景综合色彩分离，重点镜头增强对比,数字上色，角色/环境/特效分层,光影服从题材和类型；关键镜头强化视觉焦点。,远中近景、表情特写和关键大格交替,画面干净，按需加入速度线、网点和粒子,选择都市、校园、冒险、竞技、悬疑等最能体现商业漫画表现力的题材,避免少女漫画幼态甜腻,漫画视觉体系：女性漫画。核心识别锚点：成年都市人物、时装、自然身体语言、现实关系。线条与造型：清晰数字线稿，轮廓和表情优先。人物：角色造型和表演必须服务该类型；不要只换滤镜或背景。。色彩：人物与背景综合色彩分离，重点镜头增强对比。上色/渲染：数字上色，角色/环境/特效分层。光影：光影服从题材和类型；关键镜头强化视觉焦点。。分镜与版式：远中近景、表情特写和关键大格交替。材质：画面干净，按需加入速度线、网点和粒子。题材建议：选择都市、校园、冒险、竞技、悬疑等最能体现商业漫画表现力的题材。风格区分：避免少女漫画幼态甜腻。创作真实完整的漫画页面，而不是单张角色插画或四幅无关图片；人物、环境、文字、气泡、音效和特效必须统一属于所选视觉体系。
8,日常四格漫画,东亚商业数字漫画,固定四格结构，以铺垫、发展、转折、包袱完成轻量搞笑叙事。,固定四格、起承转合、末格包袱,清晰数字线稿，轮廓和表情优先,角色造型和表演必须服务该类型；不要只换滤镜或背景。,人物与背景综合色彩分离，重点镜头增强对比,数字上色，角色/环境/特效分层,光影服从题材和类型；关键镜头强化视觉焦点。,远中近景、表情特写和关键大格交替,画面干净，按需加入速度线、网点和粒子,选择都市、校园、冒险、竞技、悬疑等最能体现商业漫画表现力的题材,避免复杂跨格,漫画视觉体系：日常四格漫画。核心识别锚点：固定四格、起承转合、末格包袱。线条与造型：清晰数字线稿，轮廓和表情优先。人物：角色造型和表演必须服务该类型；不要只换滤镜或背景。。色彩：人物与背景综合色彩分离，重点镜头增强对比。上色/渲染：数字上色，角色/环境/特效分层。光影：光影服从题材和类型；关键镜头强化视觉焦点。。分镜与版式：远中近景、表情特写和关键大格交替。材质：画面干净，按需加入速度线、网点和粒子。题材建议：选择都市、校园、冒险、竞技、悬疑等最能体现商业漫画表现力的题材。风格区分：避免复杂跨格。创作真实完整的漫画页面，而不是单张角色插画或四幅无关图片；人物、环境、文字、气泡、音效和特效必须统一属于所选视觉体系。
9,日式搞笑漫画,东亚商业数字漫画,颜艺、Q版切换、夸张反应和突然留白制造高密度喜剧效果。,极端颜艺、Q版切换、突然留白和吐槽框,清晰数字线稿，轮廓和表情优先,角色造型和表演必须服务该类型；不要只换滤镜或背景。,人物与背景综合色彩分离，重点镜头增强对比,数字上色，角色/环境/特效分层,光影服从题材和类型；关键镜头强化视觉焦点。,远中近景、表情特写和关键大格交替,画面干净，按需加入速度线、网点和粒子,选择都市、校园、冒险、竞技、悬疑等最能体现商业漫画表现力的题材,避免全程精致平稳,漫画视觉体系：日式搞笑漫画。核心识别锚点：极端颜艺、Q版切换、突然留白和吐槽框。线条与造型：清晰数字线稿，轮廓和表情优先。人物：角色造型和表演必须服务该类型；不要只换滤镜或背景。。色彩：人物与背景综合色彩分离，重点镜头增强对比。上色/渲染：数字上色，角色/环境/特效分层。光影：光影服从题材和类型；关键镜头强化视觉焦点。。分镜与版式：远中近景、表情特写和关键大格交替。材质：画面干净，按需加入速度线、网点和粒子。题材建议：选择都市、校园、冒险、竞技、悬疑等最能体现商业漫画表现力的题材。风格区分：避免全程精致平稳。创作真实完整的漫画页面，而不是单张角色插画或四幅无关图片；人物、环境、文字、气泡、音效和特效必须统一属于所选视觉体系。
10,校园青春漫画,东亚商业数字漫画,清爽线稿、明亮色调和轻快分镜，突出校园日常与青春气息。,清新校园、阳光操场、放学路、轻电影感,清晰数字线稿，轮廓和表情优先,角色造型和表演必须服务该类型；不要只换滤镜或背景。,人物与背景综合色彩分离，重点镜头增强对比,数字上色，角色/环境/特效分层,光影服从题材和类型；关键镜头强化视觉焦点。,远中近景、表情特写和关键大格交替,画面干净，按需加入速度线、网点和粒子,选择都市、校园、冒险、竞技、悬疑等最能体现商业漫画表现力的题材,避免暗黑成人化,漫画视觉体系：校园青春漫画。核心识别锚点：清新校园、阳光操场、放学路、轻电影感。线条与造型：清晰数字线稿，轮廓和表情优先。人物：角色造型和表演必须服务该类型；不要只换滤镜或背景。。色彩：人物与背景综合色彩分离，重点镜头增强对比。上色/渲染：数字上色，角色/环境/特效分层。光影：光影服从题材和类型；关键镜头强化视觉焦点。。分镜与版式：远中近景、表情特写和关键大格交替。材质：画面干净，按需加入速度线、网点和粒子。题材建议：选择都市、校园、冒险、竞技、悬疑等最能体现商业漫画表现力的题材。风格区分：避免暗黑成人化。创作真实完整的漫画页面，而不是单张角色插画或四幅无关图片；人物、环境、文字、气泡、音效和特效必须统一属于所选视觉体系。
11,运动漫画,东亚商业数字漫画,依靠身体动态、动作轨迹、速度线和运动特写表现比赛与竞技张力。,身体动态、汗水、运动轨迹、比分与球体特写,清晰数字线稿，轮廓和表情优先,角色造型和表演必须服务该类型；不要只换滤镜或背景。,人物与背景综合色彩分离，重点镜头增强对比,数字上色，角色/环境/特效分层,光影服从题材和类型；关键镜头强化视觉焦点。,远中近景、表情特写和关键大格交替,画面干净，按需加入速度线、网点和粒子,选择都市、校园、冒险、竞技、悬疑等最能体现商业漫画表现力的题材,避免静态摆拍,漫画视觉体系：运动漫画。核心识别锚点：身体动态、汗水、运动轨迹、比分与球体特写。线条与造型：清晰数字线稿，轮廓和表情优先。人物：角色造型和表演必须服务该类型；不要只换滤镜或背景。。色彩：人物与背景综合色彩分离，重点镜头增强对比。上色/渲染：数字上色，角色/环境/特效分层。光影：光影服从题材和类型；关键镜头强化视觉焦点。。分镜与版式：远中近景、表情特写和关键大格交替。材质：画面干净，按需加入速度线、网点和粒子。题材建议：选择都市、校园、冒险、竞技、悬疑等最能体现商业漫画表现力的题材。风格区分：避免静态摆拍。创作真实完整的漫画页面，而不是单张角色插画或四幅无关图片；人物、环境、文字、气泡、音效和特效必须统一属于所选视觉体系。
12,料理漫画,东亚商业数字漫画,食物特写与人物夸张反应结合，强调香气、质感和品尝瞬间。,食物极致特写、蒸汽、油润高光、品尝反应,清晰数字线稿，轮廓和表情优先,角色造型和表演必须服务该类型；不要只换滤镜或背景。,人物与背景综合色彩分离，重点镜头增强对比,数字上色，角色/环境/特效分层,光影服从题材和类型；关键镜头强化视觉焦点。,远中近景、表情特写和关键大格交替,画面干净，按需加入速度线、网点和粒子,选择都市、校园、冒险、竞技、悬疑等最能体现商业漫画表现力的题材,避免食物塑料感,漫画视觉体系：料理漫画。核心识别锚点：食物极致特写、蒸汽、油润高光、品尝反应。线条与造型：清晰数字线稿，轮廓和表情优先。人物：角色造型和表演必须服务该类型；不要只换滤镜或背景。。色彩：人物与背景综合色彩分离，重点镜头增强对比。上色/渲染：数字上色，角色/环境/特效分层。光影：光影服从题材和类型；关键镜头强化视觉焦点。。分镜与版式：远中近景、表情特写和关键大格交替。材质：画面干净，按需加入速度线、网点和粒子。题材建议：选择都市、校园、冒险、竞技、悬疑等最能体现商业漫画表现力的题材。风格区分：避免食物塑料感。创作真实完整的漫画页面，而不是单张角色插画或四幅无关图片；人物、环境、文字、气泡、音效和特效必须统一属于所选视觉体系。
13,战斗漫画,东亚商业数字漫画,破框、冲击波、爆炸构图和极端透视集中表现战斗爆发力。,破框、冲击波、空间破坏、连续攻击,清晰数字线稿，轮廓和表情优先,角色造型和表演必须服务该类型；不要只换滤镜或背景。,人物与背景综合色彩分离，重点镜头增强对比,数字上色，角色/环境/特效分层,光影服从题材和类型；关键镜头强化视觉焦点。,远中近景、表情特写和关键大格交替,画面干净，按需加入速度线、网点和粒子,选择都市、校园、冒险、竞技、悬疑等最能体现商业漫画表现力的题材,避免规则均匀页面,漫画视觉体系：战斗漫画。核心识别锚点：破框、冲击波、空间破坏、连续攻击。线条与造型：清晰数字线稿，轮廓和表情优先。人物：角色造型和表演必须服务该类型；不要只换滤镜或背景。。色彩：人物与背景综合色彩分离，重点镜头增强对比。上色/渲染：数字上色，角色/环境/特效分层。光影：光影服从题材和类型；关键镜头强化视觉焦点。。分镜与版式：远中近景、表情特写和关键大格交替。材质：画面干净，按需加入速度线、网点和粒子。题材建议：选择都市、校园、冒险、竞技、悬疑等最能体现商业漫画表现力的题材。风格区分：避免规则均匀页面。创作真实完整的漫画页面，而不是单张角色插画或四幅无关图片；人物、环境、文字、气泡、音效和特效必须统一属于所选视觉体系。
14,机甲漫画,东亚商业数字漫画,机械结构、复杂零件、HUD与巨大尺度反差形成硬核科幻感。,精密机械结构、驾驶舱HUD、巨大尺度,清晰数字线稿，轮廓和表情优先,角色造型和表演必须服务该类型；不要只换滤镜或背景。,人物与背景综合色彩分离，重点镜头增强对比,数字上色，角色/环境/特效分层,光影服从题材和类型；关键镜头强化视觉焦点。,远中近景、表情特写和关键大格交替,画面干净，按需加入速度线、网点和粒子,选择都市、校园、冒险、竞技、悬疑等最能体现商业漫画表现力的题材,避免软塌玩具化机体,漫画视觉体系：机甲漫画。核心识别锚点：精密机械结构、驾驶舱HUD、巨大尺度。线条与造型：清晰数字线稿，轮廓和表情优先。人物：角色造型和表演必须服务该类型；不要只换滤镜或背景。。色彩：人物与背景综合色彩分离，重点镜头增强对比。上色/渲染：数字上色，角色/环境/特效分层。光影：光影服从题材和类型；关键镜头强化视觉焦点。。分镜与版式：远中近景、表情特写和关键大格交替。材质：画面干净，按需加入速度线、网点和粒子。题材建议：选择都市、校园、冒险、竞技、悬疑等最能体现商业漫画表现力的题材。风格区分：避免软塌玩具化机体。创作真实完整的漫画页面，而不是单张角色插画或四幅无关图片；人物、环境、文字、气泡、音效和特效必须统一属于所选视觉体系。
15,赛博朋克漫画,东亚商业数字漫画,霓虹、故障、数字界面与高密度都市背景，强调未来城市氛围。,霓虹、故障、义体、雨夜反射、高密度城市,清晰数字线稿，轮廓和表情优先,角色造型和表演必须服务该类型；不要只换滤镜或背景。,人物与背景综合色彩分离，重点镜头增强对比,数字上色，角色/环境/特效分层,光影服从题材和类型；关键镜头强化视觉焦点。,远中近景、表情特写和关键大格交替,画面干净，按需加入速度线、网点和粒子,选择都市、校园、冒险、竞技、悬疑等最能体现商业漫画表现力的题材,避免明亮乌托邦,漫画视觉体系：赛博朋克漫画。核心识别锚点：霓虹、故障、义体、雨夜反射、高密度城市。线条与造型：清晰数字线稿，轮廓和表情优先。人物：角色造型和表演必须服务该类型；不要只换滤镜或背景。。色彩：人物与背景综合色彩分离，重点镜头增强对比。上色/渲染：数字上色，角色/环境/特效分层。光影：光影服从题材和类型；关键镜头强化视觉焦点。。分镜与版式：远中近景、表情特写和关键大格交替。材质：画面干净，按需加入速度线、网点和粒子。题材建议：选择都市、校园、冒险、竞技、悬疑等最能体现商业漫画表现力的题材。风格区分：避免明亮乌托邦。创作真实完整的漫画页面，而不是单张角色插画或四幅无关图片；人物、环境、文字、气泡、音效和特效必须统一属于所选视觉体系。
16,日式恐怖漫画,东亚商业数字漫画,密集排线、诡异面部特写、黑白反差和突然空白制造压迫感。,密集排线、诡异面孔、黑白压迫、突然特写,清晰数字线稿，轮廓和表情优先,角色造型和表演必须服务该类型；不要只换滤镜或背景。,人物与背景综合色彩分离，重点镜头增强对比,数字上色，角色/环境/特效分层,光影服从题材和类型；关键镜头强化视觉焦点。,远中近景、表情特写和关键大格交替,画面干净，按需加入速度线、网点和粒子,选择都市、校园、冒险、竞技、悬疑等最能体现商业漫画表现力的题材,避免可爱化,漫画视觉体系：日式恐怖漫画。核心识别锚点：密集排线、诡异面孔、黑白压迫、突然特写。线条与造型：清晰数字线稿，轮廓和表情优先。人物：角色造型和表演必须服务该类型；不要只换滤镜或背景。。色彩：人物与背景综合色彩分离，重点镜头增强对比。上色/渲染：数字上色，角色/环境/特效分层。光影：光影服从题材和类型；关键镜头强化视觉焦点。。分镜与版式：远中近景、表情特写和关键大格交替。材质：画面干净，按需加入速度线、网点和粒子。题材建议：选择都市、校园、冒险、竞技、悬疑等最能体现商业漫画表现力的题材。风格区分：避免可爱化。创作真实完整的漫画页面，而不是单张角色插画或四幅无关图片；人物、环境、文字、气泡、音效和特效必须统一属于所选视觉体系。
17,日式悬疑漫画,东亚商业数字漫画,眼睛、手部、物证等碎片特写频繁出现，依靠信息差推进推理。,物证碎片、眼睛与手部特写、信息差推理,清晰数字线稿，轮廓和表情优先,角色造型和表演必须服务该类型；不要只换滤镜或背景。,人物与背景综合色彩分离，重点镜头增强对比,数字上色，角色/环境/特效分层,光影服从题材和类型；关键镜头强化视觉焦点。,远中近景、表情特写和关键大格交替,画面干净，按需加入速度线、网点和粒子,选择都市、校园、冒险、竞技、悬疑等最能体现商业漫画表现力的题材,避免一次性展示真相,漫画视觉体系：日式悬疑漫画。核心识别锚点：物证碎片、眼睛与手部特写、信息差推理。线条与造型：清晰数字线稿，轮廓和表情优先。人物：角色造型和表演必须服务该类型；不要只换滤镜或背景。。色彩：人物与背景综合色彩分离，重点镜头增强对比。上色/渲染：数字上色，角色/环境/特效分层。光影：光影服从题材和类型；关键镜头强化视觉焦点。。分镜与版式：远中近景、表情特写和关键大格交替。材质：画面干净，按需加入速度线、网点和粒子。题材建议：选择都市、校园、冒险、竞技、悬疑等最能体现商业漫画表现力的题材。风格区分：避免一次性展示真相。创作真实完整的漫画页面，而不是单张角色插画或四幅无关图片；人物、环境、文字、气泡、音效和特效必须统一属于所选视觉体系。
18,昭和漫画,东亚商业数字漫画,粗墨线、旧纸、复古印刷色和朴素人物造型，具有明显年代感。,旧纸、粗墨线、复古印刷色、朴素人物,清晰数字线稿，轮廓和表情优先,角色造型和表演必须服务该类型；不要只换滤镜或背景。,人物与背景综合色彩分离，重点镜头增强对比,数字上色，角色/环境/特效分层,光影服从题材和类型；关键镜头强化视觉焦点。,远中近景、表情特写和关键大格交替,画面干净，按需加入速度线、网点和粒子,选择都市、校园、冒险、竞技、悬疑等最能体现商业漫画表现力的题材,避免现代高清数码,漫画视觉体系：昭和漫画。核心识别锚点：旧纸、粗墨线、复古印刷色、朴素人物。线条与造型：清晰数字线稿，轮廓和表情优先。人物：角色造型和表演必须服务该类型；不要只换滤镜或背景。。色彩：人物与背景综合色彩分离，重点镜头增强对比。上色/渲染：数字上色，角色/环境/特效分层。光影：光影服从题材和类型；关键镜头强化视觉焦点。。分镜与版式：远中近景、表情特写和关键大格交替。材质：画面干净，按需加入速度线、网点和粒子。题材建议：选择都市、校园、冒险、竞技、悬疑等最能体现商业漫画表现力的题材。风格区分：避免现代高清数码。创作真实完整的漫画页面，而不是单张角色插画或四幅无关图片；人物、环境、文字、气泡、音效和特效必须统一属于所选视觉体系。
19,80–90年代日漫,东亚商业数字漫画,手绘密度高、赛璐璐硬阴影、复古动画色彩和强烈机械或都市气息。,80–90年代手绘赛璐璐、胶片颗粒、都市机械感,清晰数字线稿，轮廓和表情优先,角色造型和表演必须服务该类型；不要只换滤镜或背景。,人物与背景综合色彩分离，重点镜头增强对比,数字上色，角色/环境/特效分层,光影服从题材和类型；关键镜头强化视觉焦点。,远中近景、表情特写和关键大格交替,画面干净，按需加入速度线、网点和粒子,选择都市、校园、冒险、竞技、悬疑等最能体现商业漫画表现力的题材,避免现代HDR光滑感,漫画视觉体系：80–90年代日漫。核心识别锚点：80–90年代手绘赛璐璐、胶片颗粒、都市机械感。线条与造型：清晰数字线稿，轮廓和表情优先。人物：角色造型和表演必须服务该类型；不要只换滤镜或背景。。色彩：人物与背景综合色彩分离，重点镜头增强对比。上色/渲染：数字上色，角色/环境/特效分层。光影：光影服从题材和类型；关键镜头强化视觉焦点。。分镜与版式：远中近景、表情特写和关键大格交替。材质：画面干净，按需加入速度线、网点和粒子。题材建议：选择都市、校园、冒险、竞技、悬疑等最能体现商业漫画表现力的题材。风格区分：避免现代HDR光滑感。创作真实完整的漫画页面，而不是单张角色插画或四幅无关图片；人物、环境、文字、气泡、音效和特效必须统一属于所选视觉体系。
20,平成青春漫画,东亚商业数字漫画,柔和清新的数字线稿与轻电影感，适合青春、友情和恋爱故事。,柔和夏日校园、车站祭典、夕阳和轻青春感,清晰数字线稿，轮廓和表情优先,角色造型和表演必须服务该类型；不要只换滤镜或背景。,人物与背景综合色彩分离，重点镜头增强对比,数字上色，角色/环境/特效分层,光影服从题材和类型；关键镜头强化视觉焦点。,远中近景、表情特写和关键大格交替,画面干净，按需加入速度线、网点和粒子,选择都市、校园、冒险、竞技、悬疑等最能体现商业漫画表现力的题材,避免强战斗冲击,漫画视觉体系：平成青春漫画。核心识别锚点：柔和夏日校园、车站祭典、夕阳和轻青春感。线条与造型：清晰数字线稿，轮廓和表情优先。人物：角色造型和表演必须服务该类型；不要只换滤镜或背景。。色彩：人物与背景综合色彩分离，重点镜头增强对比。上色/渲染：数字上色，角色/环境/特效分层。光影：光影服从题材和类型；关键镜头强化视觉焦点。。分镜与版式：远中近景、表情特写和关键大格交替。材质：画面干净，按需加入速度线、网点和粒子。题材建议：选择都市、校园、冒险、竞技、悬疑等最能体现商业漫画表现力的题材。风格区分：避免强战斗冲击。创作真实完整的漫画页面，而不是单张角色插画或四幅无关图片；人物、环境、文字、气泡、音效和特效必须统一属于所选视觉体系。
21,当代 Web Manga,东亚商业数字漫画,线条干净、数字上色清晰，适合手机阅读和快速连载。,手机阅读友好、干净数字线、现代快节奏,清晰数字线稿，轮廓和表情优先,角色造型和表演必须服务该类型；不要只换滤镜或背景。,人物与背景综合色彩分离，重点镜头增强对比,数字上色，角色/环境/特效分层,光影服从题材和类型；关键镜头强化视觉焦点。,远中近景、表情特写和关键大格交替,画面干净，按需加入速度线、网点和粒子,选择都市、校园、冒险、竞技、悬疑等最能体现商业漫画表现力的题材,避免旧印刷纹理,漫画视觉体系：当代 Web Manga。核心识别锚点：手机阅读友好、干净数字线、现代快节奏。线条与造型：清晰数字线稿，轮廓和表情优先。人物：角色造型和表演必须服务该类型；不要只换滤镜或背景。。色彩：人物与背景综合色彩分离，重点镜头增强对比。上色/渲染：数字上色，角色/环境/特效分层。光影：光影服从题材和类型；关键镜头强化视觉焦点。。分镜与版式：远中近景、表情特写和关键大格交替。材质：画面干净，按需加入速度线、网点和粒子。题材建议：选择都市、校园、冒险、竞技、悬疑等最能体现商业漫画表现力的题材。风格区分：避免旧印刷纹理。创作真实完整的漫画页面，而不是单张角色插画或四幅无关图片；人物、环境、文字、气泡、音效和特效必须统一属于所选视觉体系。
22,美式超级英雄漫画,欧美漫画与图像小说,强肌肉结构、极端透视、大面积黑影和爆炸字，强调英雄力量与戏剧性。,强体块英雄、低机位、极端透视、大面积黑影,墨线、排线和黑块共同塑形,角色造型和表演必须服务该类型；不要只换滤镜或背景。,成熟限制色或高识别原色,硬边阴影、网点或厚重色块,光影服从题材和类型；关键镜头强化视觉焦点。,动作大格、旁白框和对白框并用,纸张、油墨、网点和复古印刷颗粒可见,选择英雄、犯罪、冒险、家庭或社会题材，突出欧美漫画的结构与印刷感,避免日系幼态比例,漫画视觉体系：美式超级英雄漫画。核心识别锚点：强体块英雄、低机位、极端透视、大面积黑影。线条与造型：墨线、排线和黑块共同塑形。人物：角色造型和表演必须服务该类型；不要只换滤镜或背景。。色彩：成熟限制色或高识别原色。上色/渲染：硬边阴影、网点或厚重色块。光影：光影服从题材和类型；关键镜头强化视觉焦点。。分镜与版式：动作大格、旁白框和对白框并用。材质：纸张、油墨、网点和复古印刷颗粒可见。题材建议：选择英雄、犯罪、冒险、家庭或社会题材，突出欧美漫画的结构与印刷感。风格区分：避免日系幼态比例。创作真实完整的漫画页面，而不是单张角色插画或四幅无关图片；人物、环境、文字、气泡、音效和特效必须统一属于所选视觉体系。
23,Golden Age Comic,欧美漫画与图像小说,红黄蓝高饱和主色、粗黑线和老式印刷网点，具有早期美漫气质。,1940s原色、粗墨线、Ben-Day点、旧纸,墨线、排线和黑块共同塑形,角色造型和表演必须服务该类型；不要只换滤镜或背景。,成熟限制色或高识别原色,硬边阴影、网点或厚重色块,光影服从题材和类型；关键镜头强化视觉焦点。,动作大格、旁白框和对白框并用,纸张、油墨、网点和复古印刷颗粒可见,选择英雄、犯罪、冒险、家庭或社会题材，突出欧美漫画的结构与印刷感,避免现代渐变,漫画视觉体系：Golden Age Comic。核心识别锚点：1940s原色、粗墨线、Ben-Day点、旧纸。线条与造型：墨线、排线和黑块共同塑形。人物：角色造型和表演必须服务该类型；不要只换滤镜或背景。。色彩：成熟限制色或高识别原色。上色/渲染：硬边阴影、网点或厚重色块。光影：光影服从题材和类型；关键镜头强化视觉焦点。。分镜与版式：动作大格、旁白框和对白框并用。材质：纸张、油墨、网点和复古印刷颗粒可见。题材建议：选择英雄、犯罪、冒险、家庭或社会题材，突出欧美漫画的结构与印刷感。风格区分：避免现代渐变。创作真实完整的漫画页面，而不是单张角色插画或四幅无关图片；人物、环境、文字、气泡、音效和特效必须统一属于所选视觉体系。
24,Silver Age Comic,欧美漫画与图像小说,明亮鲜艳、科幻元素丰富、对白戏剧化，带经典复古超级英雄感。,明亮原色、复古太空幻想、机器人、戏剧对白,墨线、排线和黑块共同塑形,角色造型和表演必须服务该类型；不要只换滤镜或背景。,成熟限制色或高识别原色,硬边阴影、网点或厚重色块,光影服从题材和类型；关键镜头强化视觉焦点。,动作大格、旁白框和对白框并用,纸张、油墨、网点和复古印刷颗粒可见,选择英雄、犯罪、冒险、家庭或社会题材，突出欧美漫画的结构与印刷感,避免暗黑写实,漫画视觉体系：Silver Age Comic。核心识别锚点：明亮原色、复古太空幻想、机器人、戏剧对白。线条与造型：墨线、排线和黑块共同塑形。人物：角色造型和表演必须服务该类型；不要只换滤镜或背景。。色彩：成熟限制色或高识别原色。上色/渲染：硬边阴影、网点或厚重色块。光影：光影服从题材和类型；关键镜头强化视觉焦点。。分镜与版式：动作大格、旁白框和对白框并用。材质：纸张、油墨、网点和复古印刷颗粒可见。题材建议：选择英雄、犯罪、冒险、家庭或社会题材，突出欧美漫画的结构与印刷感。风格区分：避免暗黑写实。创作真实完整的漫画页面，而不是单张角色插画或四幅无关图片；人物、环境、文字、气泡、音效和特效必须统一属于所选视觉体系。
25,80年代美漫,欧美漫画与图像小说,高密度墨线、深色阴影和成熟叙事，整体更硬朗与沉重。,80年代高密度墨线、成熟都市、反英雄阴影,墨线、排线和黑块共同塑形,角色造型和表演必须服务该类型；不要只换滤镜或背景。,成熟限制色或高识别原色,硬边阴影、网点或厚重色块,光影服从题材和类型；关键镜头强化视觉焦点。,动作大格、旁白框和对白框并用,纸张、油墨、网点和复古印刷颗粒可见,选择英雄、犯罪、冒险、家庭或社会题材，突出欧美漫画的结构与印刷感,避免Silver Age童趣,漫画视觉体系：80年代美漫。核心识别锚点：80年代高密度墨线、成熟都市、反英雄阴影。线条与造型：墨线、排线和黑块共同塑形。人物：角色造型和表演必须服务该类型；不要只换滤镜或背景。。色彩：成熟限制色或高识别原色。上色/渲染：硬边阴影、网点或厚重色块。光影：光影服从题材和类型；关键镜头强化视觉焦点。。分镜与版式：动作大格、旁白框和对白框并用。材质：纸张、油墨、网点和复古印刷颗粒可见。题材建议：选择英雄、犯罪、冒险、家庭或社会题材，突出欧美漫画的结构与印刷感。风格区分：避免Silver Age童趣。创作真实完整的漫画页面，而不是单张角色插画或四幅无关图片；人物、环境、文字、气泡、音效和特效必须统一属于所选视觉体系。
26,90年代 Extreme Comic,欧美漫画与图像小说,夸张肌肉、巨型武器、锐利造型与极端动态，强调视觉冲击。,夸张肌肉、巨型武器、尖锐造型、满页爆炸,墨线、排线和黑块共同塑形,角色造型和表演必须服务该类型；不要只换滤镜或背景。,成熟限制色或高识别原色,硬边阴影、网点或厚重色块,光影服从题材和类型；关键镜头强化视觉焦点。,动作大格、旁白框和对白框并用,纸张、油墨、网点和复古印刷颗粒可见,选择英雄、犯罪、冒险、家庭或社会题材，突出欧美漫画的结构与印刷感,避免极简克制,漫画视觉体系：90年代 Extreme Comic。核心识别锚点：夸张肌肉、巨型武器、尖锐造型、满页爆炸。线条与造型：墨线、排线和黑块共同塑形。人物：角色造型和表演必须服务该类型；不要只换滤镜或背景。。色彩：成熟限制色或高识别原色。上色/渲染：硬边阴影、网点或厚重色块。光影：光影服从题材和类型；关键镜头强化视觉焦点。。分镜与版式：动作大格、旁白框和对白框并用。材质：纸张、油墨、网点和复古印刷颗粒可见。题材建议：选择英雄、犯罪、冒险、家庭或社会题材，突出欧美漫画的结构与印刷感。风格区分：避免极简克制。创作真实完整的漫画页面，而不是单张角色插画或四幅无关图片；人物、环境、文字、气泡、音效和特效必须统一属于所选视觉体系。
27,Modern Graphic Novel,欧美漫画与图像小说,电影化构图、成熟配色和复杂叙事，介于漫画与视觉小说之间。,电影构图、成熟配色、作者性叙事,墨线、排线和黑块共同塑形,角色造型和表演必须服务该类型；不要只换滤镜或背景。,成熟限制色或高识别原色,硬边阴影、网点或厚重色块,光影服从题材和类型；关键镜头强化视觉焦点。,动作大格、旁白框和对白框并用,纸张、油墨、网点和复古印刷颗粒可见,选择英雄、犯罪、冒险、家庭或社会题材，突出欧美漫画的结构与印刷感,避免商业动漫脸模板,漫画视觉体系：Modern Graphic Novel。核心识别锚点：电影构图、成熟配色、作者性叙事。线条与造型：墨线、排线和黑块共同塑形。人物：角色造型和表演必须服务该类型；不要只换滤镜或背景。。色彩：成熟限制色或高识别原色。上色/渲染：硬边阴影、网点或厚重色块。光影：光影服从题材和类型；关键镜头强化视觉焦点。。分镜与版式：动作大格、旁白框和对白框并用。材质：纸张、油墨、网点和复古印刷颗粒可见。题材建议：选择英雄、犯罪、冒险、家庭或社会题材，突出欧美漫画的结构与印刷感。风格区分：避免商业动漫脸模板。创作真实完整的漫画页面，而不是单张角色插画或四幅无关图片；人物、环境、文字、气泡、音效和特效必须统一属于所选视觉体系。
28,Noir Comic,欧美漫画与图像小说,黑白高反差、大片黑影、百叶窗光线和侦探式旁白。,黑白高反差、百叶窗影、雨夜侦探旁白,墨线、排线和黑块共同塑形,角色造型和表演必须服务该类型；不要只换滤镜或背景。,成熟限制色或高识别原色,硬边阴影、网点或厚重色块,光影服从题材和类型；关键镜头强化视觉焦点。,动作大格、旁白框和对白框并用,纸张、油墨、网点和复古印刷颗粒可见,选择英雄、犯罪、冒险、家庭或社会题材，突出欧美漫画的结构与印刷感,避免柔和全彩,漫画视觉体系：Noir Comic。核心识别锚点：黑白高反差、百叶窗影、雨夜侦探旁白。线条与造型：墨线、排线和黑块共同塑形。人物：角色造型和表演必须服务该类型；不要只换滤镜或背景。。色彩：成熟限制色或高识别原色。上色/渲染：硬边阴影、网点或厚重色块。光影：光影服从题材和类型；关键镜头强化视觉焦点。。分镜与版式：动作大格、旁白框和对白框并用。材质：纸张、油墨、网点和复古印刷颗粒可见。题材建议：选择英雄、犯罪、冒险、家庭或社会题材，突出欧美漫画的结构与印刷感。风格区分：避免柔和全彩。创作真实完整的漫画页面，而不是单张角色插画或四幅无关图片；人物、环境、文字、气泡、音效和特效必须统一属于所选视觉体系。
29,Pulp Comic,欧美漫画与图像小说,复古犯罪与冒险气质，使用廉价纸张、粗颗粒和高戏剧性构图。,廉价杂志旧纸、异域冒险、粗颗粒、戏剧封面感,墨线、排线和黑块共同塑形,角色造型和表演必须服务该类型；不要只换滤镜或背景。,成熟限制色或高识别原色,硬边阴影、网点或厚重色块,光影服从题材和类型；关键镜头强化视觉焦点。,动作大格、旁白框和对白框并用,纸张、油墨、网点和复古印刷颗粒可见,选择英雄、犯罪、冒险、家庭或社会题材，突出欧美漫画的结构与印刷感,避免现代极简,漫画视觉体系：Pulp Comic。核心识别锚点：廉价杂志旧纸、异域冒险、粗颗粒、戏剧封面感。线条与造型：墨线、排线和黑块共同塑形。人物：角色造型和表演必须服务该类型；不要只换滤镜或背景。。色彩：成熟限制色或高识别原色。上色/渲染：硬边阴影、网点或厚重色块。光影：光影服从题材和类型；关键镜头强化视觉焦点。。分镜与版式：动作大格、旁白框和对白框并用。材质：纸张、油墨、网点和复古印刷颗粒可见。题材建议：选择英雄、犯罪、冒险、家庭或社会题材，突出欧美漫画的结构与印刷感。风格区分：避免现代极简。创作真实完整的漫画页面，而不是单张角色插画或四幅无关图片；人物、环境、文字、气泡、音效和特效必须统一属于所选视觉体系。
30,Underground Comix,欧美漫画与图像小说,粗糙、怪诞、反主流和强作者性，常带讽刺与荒诞表达。,怪诞人物、反主流讽刺、粗糙手绘与密集对白,墨线、排线和黑块共同塑形,角色造型和表演必须服务该类型；不要只换滤镜或背景。,成熟限制色或高识别原色,硬边阴影、网点或厚重色块,光影服从题材和类型；关键镜头强化视觉焦点。,动作大格、旁白框和对白框并用,纸张、油墨、网点和复古印刷颗粒可见,选择英雄、犯罪、冒险、家庭或社会题材，突出欧美漫画的结构与印刷感,避免商业精修,漫画视觉体系：Underground Comix。核心识别锚点：怪诞人物、反主流讽刺、粗糙手绘与密集对白。线条与造型：墨线、排线和黑块共同塑形。人物：角色造型和表演必须服务该类型；不要只换滤镜或背景。。色彩：成熟限制色或高识别原色。上色/渲染：硬边阴影、网点或厚重色块。光影：光影服从题材和类型；关键镜头强化视觉焦点。。分镜与版式：动作大格、旁白框和对白框并用。材质：纸张、油墨、网点和复古印刷颗粒可见。题材建议：选择英雄、犯罪、冒险、家庭或社会题材，突出欧美漫画的结构与印刷感。风格区分：避免商业精修。创作真实完整的漫画页面，而不是单张角色插画或四幅无关图片；人物、环境、文字、气泡、音效和特效必须统一属于所选视觉体系。
31,Indie Comic,欧美漫画与图像小说,画风个性鲜明、不追求统一商业规范，分镜和线条更自由。,个人作者感、不完美手绘、生活观察与安静留白,墨线、排线和黑块共同塑形,角色造型和表演必须服务该类型；不要只换滤镜或背景。,成熟限制色或高识别原色,硬边阴影、网点或厚重色块,光影服从题材和类型；关键镜头强化视觉焦点。,动作大格、旁白框和对白框并用,纸张、油墨、网点和复古印刷颗粒可见,选择英雄、犯罪、冒险、家庭或社会题材，突出欧美漫画的结构与印刷感,避免统一模板,漫画视觉体系：Indie Comic。核心识别锚点：个人作者感、不完美手绘、生活观察与安静留白。线条与造型：墨线、排线和黑块共同塑形。人物：角色造型和表演必须服务该类型；不要只换滤镜或背景。。色彩：成熟限制色或高识别原色。上色/渲染：硬边阴影、网点或厚重色块。光影：光影服从题材和类型；关键镜头强化视觉焦点。。分镜与版式：动作大格、旁白框和对白框并用。材质：纸张、油墨、网点和复古印刷颗粒可见。题材建议：选择英雄、犯罪、冒险、家庭或社会题材，突出欧美漫画的结构与印刷感。风格区分：避免统一模板。创作真实完整的漫画页面，而不是单张角色插画或四幅无关图片；人物、环境、文字、气泡、音效和特效必须统一属于所选视觉体系。
32,Sunday Newspaper Comic,欧美漫画与图像小说,横向短篇连环，画面简洁、节奏轻快，适合幽默日常。,报纸家庭幽默、横向短篇、固定角色,墨线、排线和黑块共同塑形,角色造型和表演必须服务该类型；不要只换滤镜或背景。,成熟限制色或高识别原色,硬边阴影、网点或厚重色块,光影服从题材和类型；关键镜头强化视觉焦点。,动作大格、旁白框和对白框并用,纸张、油墨、网点和复古印刷颗粒可见,选择英雄、犯罪、冒险、家庭或社会题材，突出欧美漫画的结构与印刷感,避免复杂长篇,漫画视觉体系：Sunday Newspaper Comic。核心识别锚点：报纸家庭幽默、横向短篇、固定角色。线条与造型：墨线、排线和黑块共同塑形。人物：角色造型和表演必须服务该类型；不要只换滤镜或背景。。色彩：成熟限制色或高识别原色。上色/渲染：硬边阴影、网点或厚重色块。光影：光影服从题材和类型；关键镜头强化视觉焦点。。分镜与版式：动作大格、旁白框和对白框并用。材质：纸张、油墨、网点和复古印刷颗粒可见。题材建议：选择英雄、犯罪、冒险、家庭或社会题材，突出欧美漫画的结构与印刷感。风格区分：避免复杂长篇。创作真实完整的漫画页面，而不是单张角色插画或四幅无关图片；人物、环境、文字、气泡、音效和特效必须统一属于所选视觉体系。
33,Cartoon Strip,欧美漫画与图像小说,人物和场景极度简化，以对白和表情驱动笑点。,极简卡通角色、对白驱动、直接笑点,墨线、排线和黑块共同塑形,角色造型和表演必须服务该类型；不要只换滤镜或背景。,成熟限制色或高识别原色,硬边阴影、网点或厚重色块,光影服从题材和类型；关键镜头强化视觉焦点。,动作大格、旁白框和对白框并用,纸张、油墨、网点和复古印刷颗粒可见,选择英雄、犯罪、冒险、家庭或社会题材，突出欧美漫画的结构与印刷感,避免写实细节堆积,漫画视觉体系：Cartoon Strip。核心识别锚点：极简卡通角色、对白驱动、直接笑点。线条与造型：墨线、排线和黑块共同塑形。人物：角色造型和表演必须服务该类型；不要只换滤镜或背景。。色彩：成熟限制色或高识别原色。上色/渲染：硬边阴影、网点或厚重色块。光影：光影服从题材和类型；关键镜头强化视觉焦点。。分镜与版式：动作大格、旁白框和对白框并用。材质：纸张、油墨、网点和复古印刷颗粒可见。题材建议：选择英雄、犯罪、冒险、家庭或社会题材，突出欧美漫画的结构与印刷感。风格区分：避免写实细节堆积。创作真实完整的漫画页面，而不是单张角色插画或四幅无关图片；人物、环境、文字、气泡、音效和特效必须统一属于所选视觉体系。
34,Franco-Belgian Ligne Claire,欧美漫画与图像小说,清晰均匀线条、平涂色彩、环境结构明确，阅读性很强。,均匀清线、平涂色、精确建筑、强可读性,墨线、排线和黑块共同塑形,角色造型和表演必须服务该类型；不要只换滤镜或背景。,成熟限制色或高识别原色,硬边阴影、网点或厚重色块,光影服从题材和类型；关键镜头强化视觉焦点。,动作大格、旁白框和对白框并用,纸张、油墨、网点和复古印刷颗粒可见,选择英雄、犯罪、冒险、家庭或社会题材，突出欧美漫画的结构与印刷感,避免厚重阴影,漫画视觉体系：Franco-Belgian Ligne Claire。核心识别锚点：均匀清线、平涂色、精确建筑、强可读性。线条与造型：墨线、排线和黑块共同塑形。人物：角色造型和表演必须服务该类型；不要只换滤镜或背景。。色彩：成熟限制色或高识别原色。上色/渲染：硬边阴影、网点或厚重色块。光影：光影服从题材和类型；关键镜头强化视觉焦点。。分镜与版式：动作大格、旁白框和对白框并用。材质：纸张、油墨、网点和复古印刷颗粒可见。题材建议：选择英雄、犯罪、冒险、家庭或社会题材，突出欧美漫画的结构与印刷感。风格区分：避免厚重阴影。创作真实完整的漫画页面，而不是单张角色插画或四幅无关图片；人物、环境、文字、气泡、音效和特效必须统一属于所选视觉体系。
35,Heavy Metal 科幻漫画,欧美漫画与图像小说,超现实科幻、复杂机械、强烈成人向视觉和幻想世界观。,成人科幻幻想、复杂机械、超现实异星世界,墨线、排线和黑块共同塑形,角色造型和表演必须服务该类型；不要只换滤镜或背景。,成熟限制色或高识别原色,硬边阴影、网点或厚重色块,光影服从题材和类型；关键镜头强化视觉焦点。,动作大格、旁白框和对白框并用,纸张、油墨、网点和复古印刷颗粒可见,选择英雄、犯罪、冒险、家庭或社会题材，突出欧美漫画的结构与印刷感,避免儿童卡通,漫画视觉体系：Heavy Metal 科幻漫画。核心识别锚点：成人科幻幻想、复杂机械、超现实异星世界。线条与造型：墨线、排线和黑块共同塑形。人物：角色造型和表演必须服务该类型；不要只换滤镜或背景。。色彩：成熟限制色或高识别原色。上色/渲染：硬边阴影、网点或厚重色块。光影：光影服从题材和类型；关键镜头强化视觉焦点。。分镜与版式：动作大格、旁白框和对白框并用。材质：纸张、油墨、网点和复古印刷颗粒可见。题材建议：选择英雄、犯罪、冒险、家庭或社会题材，突出欧美漫画的结构与印刷感。风格区分：避免儿童卡通。创作真实完整的漫画页面，而不是单张角色插画或四幅无关图片；人物、环境、文字、气泡、音效和特效必须统一属于所选视觉体系。
36,新国风漫画,东方传统与港漫,水墨、朱砂、青绿与现代数字分镜融合，兼顾东方气韵和商业阅读性。,现代国漫人物+水墨朱砂青绿+东方构成,书写性、刀刻感或重墨力量线,角色造型和表演必须服务该类型；不要只换滤镜或背景。,墨色、朱砂、矿物色、青绿或强烈港漫撞色,传统绘画质感与漫画叙事融合,光影服从题材和类型；关键镜头强化视觉焦点。,长卷/留白/题跋或爆裂大格，依具体风格,纸、墨、矿物颜料、木刻或厚重印刷肌理可见,选择武侠、历史、民俗、神话或东方生活题材,避免纯古画无漫画节奏,漫画视觉体系：新国风漫画。核心识别锚点：现代国漫人物+水墨朱砂青绿+东方构成。线条与造型：书写性、刀刻感或重墨力量线。人物：角色造型和表演必须服务该类型；不要只换滤镜或背景。。色彩：墨色、朱砂、矿物色、青绿或强烈港漫撞色。上色/渲染：传统绘画质感与漫画叙事融合。光影：光影服从题材和类型；关键镜头强化视觉焦点。。分镜与版式：长卷/留白/题跋或爆裂大格，依具体风格。材质：纸、墨、矿物颜料、木刻或厚重印刷肌理可见。题材建议：选择武侠、历史、民俗、神话或东方生活题材。风格区分：避免纯古画无漫画节奏。创作真实完整的漫画页面，而不是单张角色插画或四幅无关图片；人物、环境、文字、气泡、音效和特效必须统一属于所选视觉体系。
37,水墨漫画,东方传统与港漫,飞白、泼墨、留白和墨色浓淡构成画面，强调气韵和动作流动。,泼墨飞白、大留白、动作墨迹,书写性、刀刻感或重墨力量线,角色造型和表演必须服务该类型；不要只换滤镜或背景。,墨色、朱砂、矿物色、青绿或强烈港漫撞色,传统绘画质感与漫画叙事融合,光影服从题材和类型；关键镜头强化视觉焦点。,长卷/留白/题跋或爆裂大格，依具体风格,纸、墨、矿物颜料、木刻或厚重印刷肌理可见,选择武侠、历史、民俗、神话或东方生活题材,避免数码硬边平涂,漫画视觉体系：水墨漫画。核心识别锚点：泼墨飞白、大留白、动作墨迹。线条与造型：书写性、刀刻感或重墨力量线。人物：角色造型和表演必须服务该类型；不要只换滤镜或背景。。色彩：墨色、朱砂、矿物色、青绿或强烈港漫撞色。上色/渲染：传统绘画质感与漫画叙事融合。光影：光影服从题材和类型；关键镜头强化视觉焦点。。分镜与版式：长卷/留白/题跋或爆裂大格，依具体风格。材质：纸、墨、矿物颜料、木刻或厚重印刷肌理可见。题材建议：选择武侠、历史、民俗、神话或东方生活题材。风格区分：避免数码硬边平涂。创作真实完整的漫画页面，而不是单张角色插画或四幅无关图片；人物、环境、文字、气泡、音效和特效必须统一属于所选视觉体系。
38,工笔漫画,东方传统与港漫,精细线描、克制设色和东方构图，将传统工笔质感转译为漫画叙事。,极细线描、传统设色、工笔衣纹花鸟,书写性、刀刻感或重墨力量线,角色造型和表演必须服务该类型；不要只换滤镜或背景。,墨色、朱砂、矿物色、青绿或强烈港漫撞色,传统绘画质感与漫画叙事融合,光影服从题材和类型；关键镜头强化视觉焦点。,长卷/留白/题跋或爆裂大格，依具体风格,纸、墨、矿物颜料、木刻或厚重印刷肌理可见,选择武侠、历史、民俗、神话或东方生活题材,避免粗线喷溅,漫画视觉体系：工笔漫画。核心识别锚点：极细线描、传统设色、工笔衣纹花鸟。线条与造型：书写性、刀刻感或重墨力量线。人物：角色造型和表演必须服务该类型；不要只换滤镜或背景。。色彩：墨色、朱砂、矿物色、青绿或强烈港漫撞色。上色/渲染：传统绘画质感与漫画叙事融合。光影：光影服从题材和类型；关键镜头强化视觉焦点。。分镜与版式：长卷/留白/题跋或爆裂大格，依具体风格。材质：纸、墨、矿物颜料、木刻或厚重印刷肌理可见。题材建议：选择武侠、历史、民俗、神话或东方生活题材。风格区分：避免粗线喷溅。创作真实完整的漫画页面，而不是单张角色插画或四幅无关图片；人物、环境、文字、气泡、音效和特效必须统一属于所选视觉体系。
39,岩彩漫画,东方传统与港漫,矿物色、颗粒质感和厚重表面形成古朴又现代的东方视觉。,矿物颗粒、青金赭石、厚重壁画感,书写性、刀刻感或重墨力量线,角色造型和表演必须服务该类型；不要只换滤镜或背景。,墨色、朱砂、矿物色、青绿或强烈港漫撞色,传统绘画质感与漫画叙事融合,光影服从题材和类型；关键镜头强化视觉焦点。,长卷/留白/题跋或爆裂大格，依具体风格,纸、墨、矿物颜料、木刻或厚重印刷肌理可见,选择武侠、历史、民俗、神话或东方生活题材,避免光滑渐变,漫画视觉体系：岩彩漫画。核心识别锚点：矿物颗粒、青金赭石、厚重壁画感。线条与造型：书写性、刀刻感或重墨力量线。人物：角色造型和表演必须服务该类型；不要只换滤镜或背景。。色彩：墨色、朱砂、矿物色、青绿或强烈港漫撞色。上色/渲染：传统绘画质感与漫画叙事融合。光影：光影服从题材和类型；关键镜头强化视觉焦点。。分镜与版式：长卷/留白/题跋或爆裂大格，依具体风格。材质：纸、墨、矿物颜料、木刻或厚重印刷肌理可见。题材建议：选择武侠、历史、民俗、神话或东方生活题材。风格区分：避免光滑渐变。创作真实完整的漫画页面，而不是单张角色插画或四幅无关图片；人物、环境、文字、气泡、音效和特效必须统一属于所选视觉体系。
40,连环画 / 小人书,东方传统与港漫,方形小格、线描人物与旁白文字并重，具有传统叙事出版感。,方形小格、线描人物、图下旁白,书写性、刀刻感或重墨力量线,角色造型和表演必须服务该类型；不要只换滤镜或背景。,墨色、朱砂、矿物色、青绿或强烈港漫撞色,传统绘画质感与漫画叙事融合,光影服从题材和类型；关键镜头强化视觉焦点。,长卷/留白/题跋或爆裂大格，依具体风格,纸、墨、矿物颜料、木刻或厚重印刷肌理可见,选择武侠、历史、民俗、神话或东方生活题材,避免电影化满版,漫画视觉体系：连环画 / 小人书。核心识别锚点：方形小格、线描人物、图下旁白。线条与造型：书写性、刀刻感或重墨力量线。人物：角色造型和表演必须服务该类型；不要只换滤镜或背景。。色彩：墨色、朱砂、矿物色、青绿或强烈港漫撞色。上色/渲染：传统绘画质感与漫画叙事融合。光影：光影服从题材和类型；关键镜头强化视觉焦点。。分镜与版式：长卷/留白/题跋或爆裂大格，依具体风格。材质：纸、墨、矿物颜料、木刻或厚重印刷肌理可见。题材建议：选择武侠、历史、民俗、神话或东方生活题材。风格区分：避免电影化满版。创作真实完整的漫画页面，而不是单张角色插画或四幅无关图片；人物、环境、文字、气泡、音效和特效必须统一属于所选视觉体系。
41,木刻连环画,东方传统与港漫,刀刻般粗硬黑白线条和强烈块面反差，画面具有版画力量感。,刀刻粗线、纯黑白块面、木版力量感,书写性、刀刻感或重墨力量线,角色造型和表演必须服务该类型；不要只换滤镜或背景。,墨色、朱砂、矿物色、青绿或强烈港漫撞色,传统绘画质感与漫画叙事融合,光影服从题材和类型；关键镜头强化视觉焦点。,长卷/留白/题跋或爆裂大格，依具体风格,纸、墨、矿物颜料、木刻或厚重印刷肌理可见,选择武侠、历史、民俗、神话或东方生活题材,避免柔软渐变,漫画视觉体系：木刻连环画。核心识别锚点：刀刻粗线、纯黑白块面、木版力量感。线条与造型：书写性、刀刻感或重墨力量线。人物：角色造型和表演必须服务该类型；不要只换滤镜或背景。。色彩：墨色、朱砂、矿物色、青绿或强烈港漫撞色。上色/渲染：传统绘画质感与漫画叙事融合。光影：光影服从题材和类型；关键镜头强化视觉焦点。。分镜与版式：长卷/留白/题跋或爆裂大格，依具体风格。材质：纸、墨、矿物颜料、木刻或厚重印刷肌理可见。题材建议：选择武侠、历史、民俗、神话或东方生活题材。风格区分：避免柔软渐变。创作真实完整的漫画页面，而不是单张角色插画或四幅无关图片；人物、环境、文字、气泡、音效和特效必须统一属于所选视觉体系。
42,年画漫画,东方传统与港漫,高饱和民俗色、平面人物和装饰纹样，具有节庆与民间艺术气质。,大红大绿、平面人物、舞狮年节装饰,书写性、刀刻感或重墨力量线,角色造型和表演必须服务该类型；不要只换滤镜或背景。,墨色、朱砂、矿物色、青绿或强烈港漫撞色,传统绘画质感与漫画叙事融合,光影服从题材和类型；关键镜头强化视觉焦点。,长卷/留白/题跋或爆裂大格，依具体风格,纸、墨、矿物颜料、木刻或厚重印刷肌理可见,选择武侠、历史、民俗、神话或东方生活题材,避免冷灰写实,漫画视觉体系：年画漫画。核心识别锚点：大红大绿、平面人物、舞狮年节装饰。线条与造型：书写性、刀刻感或重墨力量线。人物：角色造型和表演必须服务该类型；不要只换滤镜或背景。。色彩：墨色、朱砂、矿物色、青绿或强烈港漫撞色。上色/渲染：传统绘画质感与漫画叙事融合。光影：光影服从题材和类型；关键镜头强化视觉焦点。。分镜与版式：长卷/留白/题跋或爆裂大格，依具体风格。材质：纸、墨、矿物颜料、木刻或厚重印刷肌理可见。题材建议：选择武侠、历史、民俗、神话或东方生活题材。风格区分：避免冷灰写实。创作真实完整的漫画页面，而不是单张角色插画或四幅无关图片；人物、环境、文字、气泡、音效和特效必须统一属于所选视觉体系。
43,敦煌壁画漫画,东方传统与港漫,矿物色、飞天式线条、壁画肌理和装饰性构图形成古典幻想感。,飞天曲线、矿物色、风化壁画肌理,书写性、刀刻感或重墨力量线,角色造型和表演必须服务该类型；不要只换滤镜或背景。,墨色、朱砂、矿物色、青绿或强烈港漫撞色,传统绘画质感与漫画叙事融合,光影服从题材和类型；关键镜头强化视觉焦点。,长卷/留白/题跋或爆裂大格，依具体风格,纸、墨、矿物颜料、木刻或厚重印刷肌理可见,选择武侠、历史、民俗、神话或东方生活题材,避免现代霓虹,漫画视觉体系：敦煌壁画漫画。核心识别锚点：飞天曲线、矿物色、风化壁画肌理。线条与造型：书写性、刀刻感或重墨力量线。人物：角色造型和表演必须服务该类型；不要只换滤镜或背景。。色彩：墨色、朱砂、矿物色、青绿或强烈港漫撞色。上色/渲染：传统绘画质感与漫画叙事融合。光影：光影服从题材和类型；关键镜头强化视觉焦点。。分镜与版式：长卷/留白/题跋或爆裂大格，依具体风格。材质：纸、墨、矿物颜料、木刻或厚重印刷肌理可见。题材建议：选择武侠、历史、民俗、神话或东方生活题材。风格区分：避免现代霓虹。创作真实完整的漫画页面，而不是单张角色插画或四幅无关图片；人物、环境、文字、气泡、音效和特效必须统一属于所选视觉体系。
44,宋画漫画,东方传统与港漫,克制淡雅、留白充足、景物诗意，强调安静和空间层次。,淡墨山水、景大人小、题跋和诗意留白,书写性、刀刻感或重墨力量线,角色造型和表演必须服务该类型；不要只换滤镜或背景。,墨色、朱砂、矿物色、青绿或强烈港漫撞色,传统绘画质感与漫画叙事融合,光影服从题材和类型；关键镜头强化视觉焦点。,长卷/留白/题跋或爆裂大格，依具体风格,纸、墨、矿物颜料、木刻或厚重印刷肌理可见,选择武侠、历史、民俗、神话或东方生活题材,避免高饱和爆炸,漫画视觉体系：宋画漫画。核心识别锚点：淡墨山水、景大人小、题跋和诗意留白。线条与造型：书写性、刀刻感或重墨力量线。人物：角色造型和表演必须服务该类型；不要只换滤镜或背景。。色彩：墨色、朱砂、矿物色、青绿或强烈港漫撞色。上色/渲染：传统绘画质感与漫画叙事融合。光影：光影服从题材和类型；关键镜头强化视觉焦点。。分镜与版式：长卷/留白/题跋或爆裂大格，依具体风格。材质：纸、墨、矿物颜料、木刻或厚重印刷肌理可见。题材建议：选择武侠、历史、民俗、神话或东方生活题材。风格区分：避免高饱和爆炸。创作真实完整的漫画页面，而不是单张角色插画或四幅无关图片；人物、环境、文字、气泡、音效和特效必须统一属于所选视觉体系。
45,武侠漫画,东方传统与港漫,刀光、飞墨、气流、轻功与大幅动作姿态强化江湖感。,轻功刀剑、竹林月夜、飞墨气流,书写性、刀刻感或重墨力量线,角色造型和表演必须服务该类型；不要只换滤镜或背景。,墨色、朱砂、矿物色、青绿或强烈港漫撞色,传统绘画质感与漫画叙事融合,光影服从题材和类型；关键镜头强化视觉焦点。,长卷/留白/题跋或爆裂大格，依具体风格,纸、墨、矿物颜料、木刻或厚重印刷肌理可见,选择武侠、历史、民俗、神话或东方生活题材,避免现代枪械科幻,漫画视觉体系：武侠漫画。核心识别锚点：轻功刀剑、竹林月夜、飞墨气流。线条与造型：书写性、刀刻感或重墨力量线。人物：角色造型和表演必须服务该类型；不要只换滤镜或背景。。色彩：墨色、朱砂、矿物色、青绿或强烈港漫撞色。上色/渲染：传统绘画质感与漫画叙事融合。光影：光影服从题材和类型；关键镜头强化视觉焦点。。分镜与版式：长卷/留白/题跋或爆裂大格，依具体风格。材质：纸、墨、矿物颜料、木刻或厚重印刷肌理可见。题材建议：选择武侠、历史、民俗、神话或东方生活题材。风格区分：避免现代枪械科幻。创作真实完整的漫画页面，而不是单张角色插画或四幅无关图片；人物、环境、文字、气泡、音效和特效必须统一属于所选视觉体系。
46,港漫,东方传统与港漫,重墨、强肌理、爆裂构图、巨大招式字和高手对决般的压迫气势。,重墨肌肉、爆裂招式、巨大书法字,书写性、刀刻感或重墨力量线,角色造型和表演必须服务该类型；不要只换滤镜或背景。,墨色、朱砂、矿物色、青绿或强烈港漫撞色,传统绘画质感与漫画叙事融合,光影服从题材和类型；关键镜头强化视觉焦点。,长卷/留白/题跋或爆裂大格，依具体风格,纸、墨、矿物颜料、木刻或厚重印刷肌理可见,选择武侠、历史、民俗、神话或东方生活题材,避免清淡留白,漫画视觉体系：港漫。核心识别锚点：重墨肌肉、爆裂招式、巨大书法字。线条与造型：书写性、刀刻感或重墨力量线。人物：角色造型和表演必须服务该类型；不要只换滤镜或背景。。色彩：墨色、朱砂、矿物色、青绿或强烈港漫撞色。上色/渲染：传统绘画质感与漫画叙事融合。光影：光影服从题材和类型；关键镜头强化视觉焦点。。分镜与版式：长卷/留白/题跋或爆裂大格，依具体风格。材质：纸、墨、矿物颜料、木刻或厚重印刷肌理可见。题材建议：选择武侠、历史、民俗、神话或东方生活题材。风格区分：避免清淡留白。创作真实完整的漫画页面，而不是单张角色插画或四幅无关图片；人物、环境、文字、气泡、音效和特效必须统一属于所选视觉体系。
47,90年代港漫,东方传统与港漫,超高密度细节、巨型招式、强色彩与夸张肌肉，视觉非常饱和。,超密细节、极端肌肉、龙虎气劲、强烈撞色,书写性、刀刻感或重墨力量线,角色造型和表演必须服务该类型；不要只换滤镜或背景。,墨色、朱砂、矿物色、青绿或强烈港漫撞色,传统绘画质感与漫画叙事融合,光影服从题材和类型；关键镜头强化视觉焦点。,长卷/留白/题跋或爆裂大格，依具体风格,纸、墨、矿物颜料、木刻或厚重印刷肌理可见,选择武侠、历史、民俗、神话或东方生活题材,避免现代极简,漫画视觉体系：90年代港漫。核心识别锚点：超密细节、极端肌肉、龙虎气劲、强烈撞色。线条与造型：书写性、刀刻感或重墨力量线。人物：角色造型和表演必须服务该类型；不要只换滤镜或背景。。色彩：墨色、朱砂、矿物色、青绿或强烈港漫撞色。上色/渲染：传统绘画质感与漫画叙事融合。光影：光影服从题材和类型；关键镜头强化视觉焦点。。分镜与版式：长卷/留白/题跋或爆裂大格，依具体风格。材质：纸、墨、矿物颜料、木刻或厚重印刷肌理可见。题材建议：选择武侠、历史、民俗、神话或东方生活题材。风格区分：避免现代极简。创作真实完整的漫画页面，而不是单张角色插画或四幅无关图片；人物、环境、文字、气泡、音效和特效必须统一属于所选视觉体系。
48,新中式 Editorial Comic,东方传统与港漫,东方审美、现代杂志版式与漫画叙事结合，强调留白、字体和构成。,东方留白、现代时装、杂志版式、文字参与构图,书写性、刀刻感或重墨力量线,角色造型和表演必须服务该类型；不要只换滤镜或背景。,墨色、朱砂、矿物色、青绿或强烈港漫撞色,传统绘画质感与漫画叙事融合,光影服从题材和类型；关键镜头强化视觉焦点。,长卷/留白/题跋或爆裂大格，依具体风格,纸、墨、矿物颜料、木刻或厚重印刷肌理可见,选择武侠、历史、民俗、神话或东方生活题材,避免传统古画复制,漫画视觉体系：新中式 Editorial Comic。核心识别锚点：东方留白、现代时装、杂志版式、文字参与构图。线条与造型：书写性、刀刻感或重墨力量线。人物：角色造型和表演必须服务该类型；不要只换滤镜或背景。。色彩：墨色、朱砂、矿物色、青绿或强烈港漫撞色。上色/渲染：传统绘画质感与漫画叙事融合。光影：光影服从题材和类型；关键镜头强化视觉焦点。。分镜与版式：长卷/留白/题跋或爆裂大格，依具体风格。材质：纸、墨、矿物颜料、木刻或厚重印刷肌理可见。题材建议：选择武侠、历史、民俗、神话或东方生活题材。风格区分：避免传统古画复制。创作真实完整的漫画页面，而不是单张角色插画或四幅无关图片；人物、环境、文字、气泡、音效和特效必须统一属于所选视觉体系。
49,Anime Cel Shading Comic,动画作画系漫画,以赛璐璐硬阴影和清晰动画造型为主，让漫画像连续动画截图。,动画截图感、1–2级硬边赛璐璐、高光明确,动画线条优先表现动作轮廓,角色造型和表演必须服务该类型；不要只换滤镜或背景。,赛璐璐动画色或原画辅助色,硬阴影、运动变形、原画线或OVA灯光,光影服从题材和类型；关键镜头强化视觉焦点。,像连续动画镜头，动作起势—过程—结果清晰,胶片颗粒、铅笔原画线、运动残影按风格使用,选择追逐、战斗、校园或科幻动作，突出动画镜头与动作变形,避免油画厚涂,漫画视觉体系：Anime Cel Shading Comic。核心识别锚点：动画截图感、1–2级硬边赛璐璐、高光明确。线条与造型：动画线条优先表现动作轮廓。人物：角色造型和表演必须服务该类型；不要只换滤镜或背景。。色彩：赛璐璐动画色或原画辅助色。上色/渲染：硬阴影、运动变形、原画线或OVA灯光。光影：光影服从题材和类型；关键镜头强化视觉焦点。。分镜与版式：像连续动画镜头，动作起势—过程—结果清晰。材质：胶片颗粒、铅笔原画线、运动残影按风格使用。题材建议：选择追逐、战斗、校园或科幻动作，突出动画镜头与动作变形。风格区分：避免油画厚涂。创作真实完整的漫画页面，而不是单张角色插画或四幅无关图片；人物、环境、文字、气泡、音效和特效必须统一属于所选视觉体系。
50,90s Anime Comic,动画作画系漫画,复古动画色、胶片颗粒和硬阴影，具有老 OVA 与录像带质感。,90s OVA综合色彩、胶片颗粒、夜景霓虹,动画线条优先表现动作轮廓,角色造型和表演必须服务该类型；不要只换滤镜或背景。,赛璐璐动画色或原画辅助色,硬阴影、运动变形、原画线或OVA灯光,光影服从题材和类型；关键镜头强化视觉焦点。,像连续动画镜头，动作起势—过程—结果清晰,胶片颗粒、铅笔原画线、运动残影按风格使用,选择追逐、战斗、校园或科幻动作，突出动画镜头与动作变形,避免现代HDR,漫画视觉体系：90s Anime Comic。核心识别锚点：90s OVA综合色彩、胶片颗粒、夜景霓虹。线条与造型：动画线条优先表现动作轮廓。人物：角色造型和表演必须服务该类型；不要只换滤镜或背景。。色彩：赛璐璐动画色或原画辅助色。上色/渲染：硬阴影、运动变形、原画线或OVA灯光。光影：光影服从题材和类型；关键镜头强化视觉焦点。。分镜与版式：像连续动画镜头，动作起势—过程—结果清晰。材质：胶片颗粒、铅笔原画线、运动残影按风格使用。题材建议：选择追逐、战斗、校园或科幻动作，突出动画镜头与动作变形。风格区分：避免现代HDR。创作真实完整的漫画页面，而不是单张角色插画或四幅无关图片；人物、环境、文字、气泡、音效和特效必须统一属于所选视觉体系。
51,OVA 动画漫画,动画作画系漫画,细节密度和电影灯光更高，画面像高制作规格动画分镜。,高制作OVA、复杂灯光、细节丰富、电影级背景,动画线条优先表现动作轮廓,角色造型和表演必须服务该类型；不要只换滤镜或背景。,赛璐璐动画色或原画辅助色,硬阴影、运动变形、原画线或OVA灯光,光影服从题材和类型；关键镜头强化视觉焦点。,像连续动画镜头，动作起势—过程—结果清晰,胶片颗粒、铅笔原画线、运动残影按风格使用,选择追逐、战斗、校园或科幻动作，突出动画镜头与动作变形,避免廉价平涂,漫画视觉体系：OVA 动画漫画。核心识别锚点：高制作OVA、复杂灯光、细节丰富、电影级背景。线条与造型：动画线条优先表现动作轮廓。人物：角色造型和表演必须服务该类型；不要只换滤镜或背景。。色彩：赛璐璐动画色或原画辅助色。上色/渲染：硬阴影、运动变形、原画线或OVA灯光。光影：光影服从题材和类型；关键镜头强化视觉焦点。。分镜与版式：像连续动画镜头，动作起势—过程—结果清晰。材质：胶片颗粒、铅笔原画线、运动残影按风格使用。题材建议：选择追逐、战斗、校园或科幻动作，突出动画镜头与动作变形。风格区分：避免廉价平涂。创作真实完整的漫画页面，而不是单张角色插画或四幅无关图片；人物、环境、文字、气泡、音效和特效必须统一属于所选视觉体系。
52,动画分镜稿风,动画作画系漫画,保留草图、镜头编号和运动箭头，强调镜头设计而非精修成稿。,铅笔草图、镜头编号、运动箭头、时长标注,动画线条优先表现动作轮廓,角色造型和表演必须服务该类型；不要只换滤镜或背景。,赛璐璐动画色或原画辅助色,硬阴影、运动变形、原画线或OVA灯光,光影服从题材和类型；关键镜头强化视觉焦点。,像连续动画镜头，动作起势—过程—结果清晰,胶片颗粒、铅笔原画线、运动残影按风格使用,选择追逐、战斗、校园或科幻动作，突出动画镜头与动作变形,避免成片级精修,漫画视觉体系：动画分镜稿风。核心识别锚点：铅笔草图、镜头编号、运动箭头、时长标注。线条与造型：动画线条优先表现动作轮廓。人物：角色造型和表演必须服务该类型；不要只换滤镜或背景。。色彩：赛璐璐动画色或原画辅助色。上色/渲染：硬阴影、运动变形、原画线或OVA灯光。光影：光影服从题材和类型；关键镜头强化视觉焦点。。分镜与版式：像连续动画镜头，动作起势—过程—结果清晰。材质：胶片颗粒、铅笔原画线、运动残影按风格使用。题材建议：选择追逐、战斗、校园或科幻动作，突出动画镜头与动作变形。风格区分：避免成片级精修。创作真实完整的漫画页面，而不是单张角色插画或四幅无关图片；人物、环境、文字、气泡、音效和特效必须统一属于所选视觉体系。
53,Key Animation 原画风,动画作画系漫画,线条自由、动作变形明显，重点表现瞬间动势与姿势张力。,关键帧原画线、夸张变形、红蓝修正线,动画线条优先表现动作轮廓,角色造型和表演必须服务该类型；不要只换滤镜或背景。,赛璐璐动画色或原画辅助色,硬阴影、运动变形、原画线或OVA灯光,光影服从题材和类型；关键镜头强化视觉焦点。,像连续动画镜头，动作起势—过程—结果清晰,胶片颗粒、铅笔原画线、运动残影按风格使用,选择追逐、战斗、校园或科幻动作，突出动画镜头与动作变形,避免干净成片线稿,漫画视觉体系：Key Animation 原画风。核心识别锚点：关键帧原画线、夸张变形、红蓝修正线。线条与造型：动画线条优先表现动作轮廓。人物：角色造型和表演必须服务该类型；不要只换滤镜或背景。。色彩：赛璐璐动画色或原画辅助色。上色/渲染：硬阴影、运动变形、原画线或OVA灯光。光影：光影服从题材和类型；关键镜头强化视觉焦点。。分镜与版式：像连续动画镜头，动作起势—过程—结果清晰。材质：胶片颗粒、铅笔原画线、运动残影按风格使用。题材建议：选择追逐、战斗、校园或科幻动作，突出动画镜头与动作变形。风格区分：避免干净成片线稿。创作真实完整的漫画页面，而不是单张角色插画或四幅无关图片；人物、环境、文字、气泡、音效和特效必须统一属于所选视觉体系。
54,Sakuga 作画风,动画作画系漫画,夸张变形、极速动作和爆发式线条，突出动画作画的运动表现力。,Sakuga高速形变、背景拉伸、流体动作,动画线条优先表现动作轮廓,角色造型和表演必须服务该类型；不要只换滤镜或背景。,赛璐璐动画色或原画辅助色,硬阴影、运动变形、原画线或OVA灯光,光影服从题材和类型；关键镜头强化视觉焦点。,像连续动画镜头，动作起势—过程—结果清晰,胶片颗粒、铅笔原画线、运动残影按风格使用,选择追逐、战斗、校园或科幻动作，突出动画镜头与动作变形,避免僵硬姿势,漫画视觉体系：Sakuga 作画风。核心识别锚点：Sakuga高速形变、背景拉伸、流体动作。线条与造型：动画线条优先表现动作轮廓。人物：角色造型和表演必须服务该类型；不要只换滤镜或背景。。色彩：赛璐璐动画色或原画辅助色。上色/渲染：硬阴影、运动变形、原画线或OVA灯光。光影：光影服从题材和类型；关键镜头强化视觉焦点。。分镜与版式：像连续动画镜头，动作起势—过程—结果清晰。材质：胶片颗粒、铅笔原画线、运动残影按风格使用。题材建议：选择追逐、战斗、校园或科幻动作，突出动画镜头与动作变形。风格区分：避免僵硬姿势。创作真实完整的漫画页面，而不是单张角色插画或四幅无关图片；人物、环境、文字、气泡、音效和特效必须统一属于所选视觉体系。
55,Cartoon Anime Hybrid,动画作画系漫画,欧美卡通的形体夸张与日漫角色审美混合，节奏活泼。,欧美卡通体块+日系脸部魅力+弹性动作,动画线条优先表现动作轮廓,角色造型和表演必须服务该类型；不要只换滤镜或背景。,赛璐璐动画色或原画辅助色,硬阴影、运动变形、原画线或OVA灯光,光影服从题材和类型；关键镜头强化视觉焦点。,像连续动画镜头，动作起势—过程—结果清晰,胶片颗粒、铅笔原画线、运动残影按风格使用,选择追逐、战斗、校园或科幻动作，突出动画镜头与动作变形,避免完全写实,漫画视觉体系：Cartoon Anime Hybrid。核心识别锚点：欧美卡通体块+日系脸部魅力+弹性动作。线条与造型：动画线条优先表现动作轮廓。人物：角色造型和表演必须服务该类型；不要只换滤镜或背景。。色彩：赛璐璐动画色或原画辅助色。上色/渲染：硬阴影、运动变形、原画线或OVA灯光。光影：光影服从题材和类型；关键镜头强化视觉焦点。。分镜与版式：像连续动画镜头，动作起势—过程—结果清晰。材质：胶片颗粒、铅笔原画线、运动残影按风格使用。题材建议：选择追逐、战斗、校园或科幻动作，突出动画镜头与动作变形。风格区分：避免完全写实。创作真实完整的漫画页面，而不是单张角色插画或四幅无关图片；人物、环境、文字、气泡、音效和特效必须统一属于所选视觉体系。
56,Chibi Comic,动画作画系漫画,头大身小的Q版比例和高密度颜艺，适合轻松搞笑。,头大身小Q版、糖果色、高密度颜艺,动画线条优先表现动作轮廓,角色造型和表演必须服务该类型；不要只换滤镜或背景。,赛璐璐动画色或原画辅助色,硬阴影、运动变形、原画线或OVA灯光,光影服从题材和类型；关键镜头强化视觉焦点。,像连续动画镜头，动作起势—过程—结果清晰,胶片颗粒、铅笔原画线、运动残影按风格使用,选择追逐、战斗、校园或科幻动作，突出动画镜头与动作变形,避免真实人体比例,漫画视觉体系：Chibi Comic。核心识别锚点：头大身小Q版、糖果色、高密度颜艺。线条与造型：动画线条优先表现动作轮廓。人物：角色造型和表演必须服务该类型；不要只换滤镜或背景。。色彩：赛璐璐动画色或原画辅助色。上色/渲染：硬阴影、运动变形、原画线或OVA灯光。光影：光影服从题材和类型；关键镜头强化视觉焦点。。分镜与版式：像连续动画镜头，动作起势—过程—结果清晰。材质：胶片颗粒、铅笔原画线、运动残影按风格使用。题材建议：选择追逐、战斗、校园或科幻动作，突出动画镜头与动作变形。风格区分：避免真实人体比例。创作真实完整的漫画页面，而不是单张角色插画或四幅无关图片；人物、环境、文字、气泡、音效和特效必须统一属于所选视觉体系。
57,水彩漫画,绘画媒介与印刷漫画,透明水色、自然晕染和柔和线条，适合诗意与轻情绪故事。,透明叠色、水痕、纸白发光,边缘必须服从真实媒介,角色造型和表演必须服务该类型；不要只换滤镜或背景。,综合色彩遵守媒介限制,优先表现材料本身，不要被光滑数码感覆盖,光影服从题材和类型；关键镜头强化视觉焦点。,分格与材料结构结合,纸纤维、颜料颗粒、错版、压痕、撕纸或手工表面是核心,选择能展示材料触感的日常、旅行、童话、音乐、历史或手工题材,避免不透明塑料感,漫画视觉体系：水彩漫画。核心识别锚点：透明叠色、水痕、纸白发光。线条与造型：边缘必须服从真实媒介。人物：角色造型和表演必须服务该类型；不要只换滤镜或背景。。色彩：综合色彩遵守媒介限制。上色/渲染：优先表现材料本身，不要被光滑数码感覆盖。光影：光影服从题材和类型；关键镜头强化视觉焦点。。分镜与版式：分格与材料结构结合。材质：纸纤维、颜料颗粒、错版、压痕、撕纸或手工表面是核心。题材建议：选择能展示材料触感的日常、旅行、童话、音乐、历史或手工题材。风格区分：避免不透明塑料感。创作真实完整的漫画页面，而不是单张角色插画或四幅无关图片；人物、环境、文字、气泡、音效和特效必须统一属于所选视觉体系。
58,水粉漫画,绘画媒介与印刷漫画,不透明厚色和明显笔触，画面更有绘画感与手工温度。,不透明水粉厚色、干刷笔触、暖绘本感,边缘必须服从真实媒介,角色造型和表演必须服务该类型；不要只换滤镜或背景。,综合色彩遵守媒介限制,优先表现材料本身，不要被光滑数码感覆盖,光影服从题材和类型；关键镜头强化视觉焦点。,分格与材料结构结合,纸纤维、颜料颗粒、错版、压痕、撕纸或手工表面是核心,选择能展示材料触感的日常、旅行、童话、音乐、历史或手工题材,避免透明水彩感,漫画视觉体系：水粉漫画。核心识别锚点：不透明水粉厚色、干刷笔触、暖绘本感。线条与造型：边缘必须服从真实媒介。人物：角色造型和表演必须服务该类型；不要只换滤镜或背景。。色彩：综合色彩遵守媒介限制。上色/渲染：优先表现材料本身，不要被光滑数码感覆盖。光影：光影服从题材和类型；关键镜头强化视觉焦点。。分镜与版式：分格与材料结构结合。材质：纸纤维、颜料颗粒、错版、压痕、撕纸或手工表面是核心。题材建议：选择能展示材料触感的日常、旅行、童话、音乐、历史或手工题材。风格区分：避免透明水彩感。创作真实完整的漫画页面，而不是单张角色插画或四幅无关图片；人物、环境、文字、气泡、音效和特效必须统一属于所选视觉体系。
59,油画漫画,绘画媒介与印刷漫画,厚重明暗、丰富色层和电影级光影，每格都接近绘画作品。,厚重油画明暗、画布笔触、丰富综合色层,边缘必须服从真实媒介,角色造型和表演必须服务该类型；不要只换滤镜或背景。,综合色彩遵守媒介限制,优先表现材料本身，不要被光滑数码感覆盖,光影服从题材和类型；关键镜头强化视觉焦点。,分格与材料结构结合,纸纤维、颜料颗粒、错版、压痕、撕纸或手工表面是核心,选择能展示材料触感的日常、旅行、童话、音乐、历史或手工题材,避免赛璐璐硬边,漫画视觉体系：油画漫画。核心识别锚点：厚重油画明暗、画布笔触、丰富综合色层。线条与造型：边缘必须服从真实媒介。人物：角色造型和表演必须服务该类型；不要只换滤镜或背景。。色彩：综合色彩遵守媒介限制。上色/渲染：优先表现材料本身，不要被光滑数码感覆盖。光影：光影服从题材和类型；关键镜头强化视觉焦点。。分镜与版式：分格与材料结构结合。材质：纸纤维、颜料颗粒、错版、压痕、撕纸或手工表面是核心。题材建议：选择能展示材料触感的日常、旅行、童话、音乐、历史或手工题材。风格区分：避免赛璐璐硬边。创作真实完整的漫画页面，而不是单张角色插画或四幅无关图片；人物、环境、文字、气泡、音效和特效必须统一属于所选视觉体系。
60,丙烯漫画,绘画媒介与印刷漫画,大色块、强覆盖力和清晰边界，兼具绘画与平面设计感。,丙烯大色块、强覆盖、现代平面绘画,边缘必须服从真实媒介,角色造型和表演必须服务该类型；不要只换滤镜或背景。,综合色彩遵守媒介限制,优先表现材料本身，不要被光滑数码感覆盖,光影服从题材和类型；关键镜头强化视觉焦点。,分格与材料结构结合,纸纤维、颜料颗粒、错版、压痕、撕纸或手工表面是核心,选择能展示材料触感的日常、旅行、童话、音乐、历史或手工题材,避免透明水彩,漫画视觉体系：丙烯漫画。核心识别锚点：丙烯大色块、强覆盖、现代平面绘画。线条与造型：边缘必须服从真实媒介。人物：角色造型和表演必须服务该类型；不要只换滤镜或背景。。色彩：综合色彩遵守媒介限制。上色/渲染：优先表现材料本身，不要被光滑数码感覆盖。光影：光影服从题材和类型；关键镜头强化视觉焦点。。分镜与版式：分格与材料结构结合。材质：纸纤维、颜料颗粒、错版、压痕、撕纸或手工表面是核心。题材建议：选择能展示材料触感的日常、旅行、童话、音乐、历史或手工题材。风格区分：避免透明水彩。创作真实完整的漫画页面，而不是单张角色插画或四幅无关图片；人物、环境、文字、气泡、音效和特效必须统一属于所选视觉体系。
61,彩铅漫画,绘画媒介与印刷漫画,细腻纸张纹理和柔和彩色线条，适合温暖生活题材。,纸纹、细密彩铅线、柔和暖色,边缘必须服从真实媒介,角色造型和表演必须服务该类型；不要只换滤镜或背景。,综合色彩遵守媒介限制,优先表现材料本身，不要被光滑数码感覆盖,光影服从题材和类型；关键镜头强化视觉焦点。,分格与材料结构结合,纸纤维、颜料颗粒、错版、压痕、撕纸或手工表面是核心,选择能展示材料触感的日常、旅行、童话、音乐、历史或手工题材,避免无纹理数字渐变,漫画视觉体系：彩铅漫画。核心识别锚点：纸纹、细密彩铅线、柔和暖色。线条与造型：边缘必须服从真实媒介。人物：角色造型和表演必须服务该类型；不要只换滤镜或背景。。色彩：综合色彩遵守媒介限制。上色/渲染：优先表现材料本身，不要被光滑数码感覆盖。光影：光影服从题材和类型；关键镜头强化视觉焦点。。分镜与版式：分格与材料结构结合。材质：纸纤维、颜料颗粒、错版、压痕、撕纸或手工表面是核心。题材建议：选择能展示材料触感的日常、旅行、童话、音乐、历史或手工题材。风格区分：避免无纹理数字渐变。创作真实完整的漫画页面，而不是单张角色插画或四幅无关图片；人物、环境、文字、气泡、音效和特效必须统一属于所选视觉体系。
62,蜡笔漫画,绘画媒介与印刷漫画,粗糙颗粒、童趣笔触和不规则填色，风格天真活泼。,粗蜡笔颗粒、儿童涂画、不规则填色,边缘必须服从真实媒介,角色造型和表演必须服务该类型；不要只换滤镜或背景。,综合色彩遵守媒介限制,优先表现材料本身，不要被光滑数码感覆盖,光影服从题材和类型；关键镜头强化视觉焦点。,分格与材料结构结合,纸纤维、颜料颗粒、错版、压痕、撕纸或手工表面是核心,选择能展示材料触感的日常、旅行、童话、音乐、历史或手工题材,避免精密写实,漫画视觉体系：蜡笔漫画。核心识别锚点：粗蜡笔颗粒、儿童涂画、不规则填色。线条与造型：边缘必须服从真实媒介。人物：角色造型和表演必须服务该类型；不要只换滤镜或背景。。色彩：综合色彩遵守媒介限制。上色/渲染：优先表现材料本身，不要被光滑数码感覆盖。光影：光影服从题材和类型；关键镜头强化视觉焦点。。分镜与版式：分格与材料结构结合。材质：纸纤维、颜料颗粒、错版、压痕、撕纸或手工表面是核心。题材建议：选择能展示材料触感的日常、旅行、童话、音乐、历史或手工题材。风格区分：避免精密写实。创作真实完整的漫画页面，而不是单张角色插画或四幅无关图片；人物、环境、文字、气泡、音效和特效必须统一属于所选视觉体系。
63,马克笔漫画,绘画媒介与印刷漫画,快速笔触、鲜亮色块和手绘草图感，适合时尚与速写叙事。,马克笔快速叠色、鲜亮时尚速写,边缘必须服从真实媒介,角色造型和表演必须服务该类型；不要只换滤镜或背景。,综合色彩遵守媒介限制,优先表现材料本身，不要被光滑数码感覆盖,光影服从题材和类型；关键镜头强化视觉焦点。,分格与材料结构结合,纸纤维、颜料颗粒、错版、压痕、撕纸或手工表面是核心,选择能展示材料触感的日常、旅行、童话、音乐、历史或手工题材,避免厚重油画,漫画视觉体系：马克笔漫画。核心识别锚点：马克笔快速叠色、鲜亮时尚速写。线条与造型：边缘必须服从真实媒介。人物：角色造型和表演必须服务该类型；不要只换滤镜或背景。。色彩：综合色彩遵守媒介限制。上色/渲染：优先表现材料本身，不要被光滑数码感覆盖。光影：光影服从题材和类型；关键镜头强化视觉焦点。。分镜与版式：分格与材料结构结合。材质：纸纤维、颜料颗粒、错版、压痕、撕纸或手工表面是核心。题材建议：选择能展示材料触感的日常、旅行、童话、音乐、历史或手工题材。风格区分：避免厚重油画。创作真实完整的漫画页面，而不是单张角色插画或四幅无关图片；人物、环境、文字、气泡、音效和特效必须统一属于所选视觉体系。
64,钢笔速写漫画,绘画媒介与印刷漫画,以线条、排线和结构速写为主，黑白感强且富有作者性。,钢笔排线、黑白建筑观察、旅行速写,边缘必须服从真实媒介,角色造型和表演必须服务该类型；不要只换滤镜或背景。,综合色彩遵守媒介限制,优先表现材料本身，不要被光滑数码感覆盖,光影服从题材和类型；关键镜头强化视觉焦点。,分格与材料结构结合,纸纤维、颜料颗粒、错版、压痕、撕纸或手工表面是核心,选择能展示材料触感的日常、旅行、童话、音乐、历史或手工题材,避免大面积数码平涂,漫画视觉体系：钢笔速写漫画。核心识别锚点：钢笔排线、黑白建筑观察、旅行速写。线条与造型：边缘必须服从真实媒介。人物：角色造型和表演必须服务该类型；不要只换滤镜或背景。。色彩：综合色彩遵守媒介限制。上色/渲染：优先表现材料本身，不要被光滑数码感覆盖。光影：光影服从题材和类型；关键镜头强化视觉焦点。。分镜与版式：分格与材料结构结合。材质：纸纤维、颜料颗粒、错版、压痕、撕纸或手工表面是核心。题材建议：选择能展示材料触感的日常、旅行、童话、音乐、历史或手工题材。风格区分：避免大面积数码平涂。创作真实完整的漫画页面，而不是单张角色插画或四幅无关图片；人物、环境、文字、气泡、音效和特效必须统一属于所选视觉体系。
65,木炭漫画,绘画媒介与印刷漫画,深黑灰阶、擦拭痕迹和粗粝阴影，适合强情绪和戏剧题材。,深黑灰阶、擦拭痕、木炭粉尘和粗粝情绪,边缘必须服从真实媒介,角色造型和表演必须服务该类型；不要只换滤镜或背景。,综合色彩遵守媒介限制,优先表现材料本身，不要被光滑数码感覆盖,光影服从题材和类型；关键镜头强化视觉焦点。,分格与材料结构结合,纸纤维、颜料颗粒、错版、压痕、撕纸或手工表面是核心,选择能展示材料触感的日常、旅行、童话、音乐、历史或手工题材,避免清洁矢量线,漫画视觉体系：木炭漫画。核心识别锚点：深黑灰阶、擦拭痕、木炭粉尘和粗粝情绪。线条与造型：边缘必须服从真实媒介。人物：角色造型和表演必须服务该类型；不要只换滤镜或背景。。色彩：综合色彩遵守媒介限制。上色/渲染：优先表现材料本身，不要被光滑数码感覆盖。光影：光影服从题材和类型；关键镜头强化视觉焦点。。分镜与版式：分格与材料结构结合。材质：纸纤维、颜料颗粒、错版、压痕、撕纸或手工表面是核心。题材建议：选择能展示材料触感的日常、旅行、童话、音乐、历史或手工题材。风格区分：避免清洁矢量线。创作真实完整的漫画页面，而不是单张角色插画或四幅无关图片；人物、环境、文字、气泡、音效和特效必须统一属于所选视觉体系。
66,拼贴漫画,绘画媒介与印刷漫画,摄影、撕纸、文字、票据和手写元素混合，具有视觉日记和 Zine 感。,照片、撕纸、票据、手写、真实叠层,边缘必须服从真实媒介,角色造型和表演必须服务该类型；不要只换滤镜或背景。,综合色彩遵守媒介限制,优先表现材料本身，不要被光滑数码感覆盖,光影服从题材和类型；关键镜头强化视觉焦点。,分格与材料结构结合,纸纤维、颜料颗粒、错版、压痕、撕纸或手工表面是核心,选择能展示材料触感的日常、旅行、童话、音乐、历史或手工题材,避免统一光滑画风,漫画视觉体系：拼贴漫画。核心识别锚点：照片、撕纸、票据、手写、真实叠层。线条与造型：边缘必须服从真实媒介。人物：角色造型和表演必须服务该类型；不要只换滤镜或背景。。色彩：综合色彩遵守媒介限制。上色/渲染：优先表现材料本身，不要被光滑数码感覆盖。光影：光影服从题材和类型；关键镜头强化视觉焦点。。分镜与版式：分格与材料结构结合。材质：纸纤维、颜料颗粒、错版、压痕、撕纸或手工表面是核心。题材建议：选择能展示材料触感的日常、旅行、童话、音乐、历史或手工题材。风格区分：避免统一光滑画风。创作真实完整的漫画页面，而不是单张角色插画或四幅无关图片；人物、环境、文字、气泡、音效和特效必须统一属于所选视觉体系。
67,纸雕漫画,绘画媒介与印刷漫画,多层纸张切割与立体阴影形成舞台般的分层空间。,多层纸片、切割边缘、真实投影,边缘必须服从真实媒介,角色造型和表演必须服务该类型；不要只换滤镜或背景。,综合色彩遵守媒介限制,优先表现材料本身，不要被光滑数码感覆盖,光影服从题材和类型；关键镜头强化视觉焦点。,分格与材料结构结合,纸纤维、颜料颗粒、错版、压痕、撕纸或手工表面是核心,选择能展示材料触感的日常、旅行、童话、音乐、历史或手工题材,避免二维无层次,漫画视觉体系：纸雕漫画。核心识别锚点：多层纸片、切割边缘、真实投影。线条与造型：边缘必须服从真实媒介。人物：角色造型和表演必须服务该类型；不要只换滤镜或背景。。色彩：综合色彩遵守媒介限制。上色/渲染：优先表现材料本身，不要被光滑数码感覆盖。光影：光影服从题材和类型；关键镜头强化视觉焦点。。分镜与版式：分格与材料结构结合。材质：纸纤维、颜料颗粒、错版、压痕、撕纸或手工表面是核心。题材建议：选择能展示材料触感的日常、旅行、童话、音乐、历史或手工题材。风格区分：避免二维无层次。创作真实完整的漫画页面，而不是单张角色插画或四幅无关图片；人物、环境、文字、气泡、音效和特效必须统一属于所选视觉体系。
68,浮雕漫画,绘画媒介与印刷漫画,人物、气泡与场景像石雕或金属浮雕，庄严视觉与日常题材可形成反差喜剧。,石雕/金属浮雕、凿痕、碑刻框架,边缘必须服从真实媒介,角色造型和表演必须服务该类型；不要只换滤镜或背景。,综合色彩遵守媒介限制,优先表现材料本身，不要被光滑数码感覆盖,光影服从题材和类型；关键镜头强化视觉焦点。,分格与材料结构结合,纸纤维、颜料颗粒、错版、压痕、撕纸或手工表面是核心,选择能展示材料触感的日常、旅行、童话、音乐、历史或手工题材,避免柔软绘本,漫画视觉体系：浮雕漫画。核心识别锚点：石雕/金属浮雕、凿痕、碑刻框架。线条与造型：边缘必须服从真实媒介。人物：角色造型和表演必须服务该类型；不要只换滤镜或背景。。色彩：综合色彩遵守媒介限制。上色/渲染：优先表现材料本身，不要被光滑数码感覆盖。光影：光影服从题材和类型；关键镜头强化视觉焦点。。分镜与版式：分格与材料结构结合。材质：纸纤维、颜料颗粒、错版、压痕、撕纸或手工表面是核心。题材建议：选择能展示材料触感的日常、旅行、童话、音乐、历史或手工题材。风格区分：避免柔软绘本。创作真实完整的漫画页面，而不是单张角色插画或四幅无关图片；人物、环境、文字、气泡、音效和特效必须统一属于所选视觉体系。
69,陶土漫画,绘画媒介与印刷漫画,角色和场景像黏土定格动画，体积圆润、质感手工。,黏土定格角色、指纹与手作表面、圆润体积,边缘必须服从真实媒介,角色造型和表演必须服务该类型；不要只换滤镜或背景。,综合色彩遵守媒介限制,优先表现材料本身，不要被光滑数码感覆盖,光影服从题材和类型；关键镜头强化视觉焦点。,分格与材料结构结合,纸纤维、颜料颗粒、错版、压痕、撕纸或手工表面是核心,选择能展示材料触感的日常、旅行、童话、音乐、历史或手工题材,避免二维平涂,漫画视觉体系：陶土漫画。核心识别锚点：黏土定格角色、指纹与手作表面、圆润体积。线条与造型：边缘必须服从真实媒介。人物：角色造型和表演必须服务该类型；不要只换滤镜或背景。。色彩：综合色彩遵守媒介限制。上色/渲染：优先表现材料本身，不要被光滑数码感覆盖。光影：光影服从题材和类型；关键镜头强化视觉焦点。。分镜与版式：分格与材料结构结合。材质：纸纤维、颜料颗粒、错版、压痕、撕纸或手工表面是核心。题材建议：选择能展示材料触感的日常、旅行、童话、音乐、历史或手工题材。风格区分：避免二维平涂。创作真实完整的漫画页面，而不是单张角色插画或四幅无关图片；人物、环境、文字、气泡、音效和特效必须统一属于所选视觉体系。
70,毛毡漫画,绘画媒介与印刷漫画,毛毡与布艺质感突出，人物像手工玩偶，氛围温暖柔软。,毛毡纤维、缝线、布艺玩偶、暖软阴影,边缘必须服从真实媒介,角色造型和表演必须服务该类型；不要只换滤镜或背景。,综合色彩遵守媒介限制,优先表现材料本身，不要被光滑数码感覆盖,光影服从题材和类型；关键镜头强化视觉焦点。,分格与材料结构结合,纸纤维、颜料颗粒、错版、压痕、撕纸或手工表面是核心,选择能展示材料触感的日常、旅行、童话、音乐、历史或手工题材,避免硬金属质感,漫画视觉体系：毛毡漫画。核心识别锚点：毛毡纤维、缝线、布艺玩偶、暖软阴影。线条与造型：边缘必须服从真实媒介。人物：角色造型和表演必须服务该类型；不要只换滤镜或背景。。色彩：综合色彩遵守媒介限制。上色/渲染：优先表现材料本身，不要被光滑数码感覆盖。光影：光影服从题材和类型；关键镜头强化视觉焦点。。分镜与版式：分格与材料结构结合。材质：纸纤维、颜料颗粒、错版、压痕、撕纸或手工表面是核心。题材建议：选择能展示材料触感的日常、旅行、童话、音乐、历史或手工题材。风格区分：避免硬金属质感。创作真实完整的漫画页面，而不是单张角色插画或四幅无关图片；人物、环境、文字、气泡、音效和特效必须统一属于所选视觉体系。
71,剪纸漫画,绘画媒介与印刷漫画,强轮廓、平面块面和装饰纹样，适合东方或民俗主题。,强剪影、平面层叠、民俗剪纸纹样,边缘必须服从真实媒介,角色造型和表演必须服务该类型；不要只换滤镜或背景。,综合色彩遵守媒介限制,优先表现材料本身，不要被光滑数码感覆盖,光影服从题材和类型；关键镜头强化视觉焦点。,分格与材料结构结合,纸纤维、颜料颗粒、错版、压痕、撕纸或手工表面是核心,选择能展示材料触感的日常、旅行、童话、音乐、历史或手工题材,避免体积厚涂,漫画视觉体系：剪纸漫画。核心识别锚点：强剪影、平面层叠、民俗剪纸纹样。线条与造型：边缘必须服从真实媒介。人物：角色造型和表演必须服务该类型；不要只换滤镜或背景。。色彩：综合色彩遵守媒介限制。上色/渲染：优先表现材料本身，不要被光滑数码感覆盖。光影：光影服从题材和类型；关键镜头强化视觉焦点。。分镜与版式：分格与材料结构结合。材质：纸纤维、颜料颗粒、错版、压痕、撕纸或手工表面是核心。题材建议：选择能展示材料触感的日常、旅行、童话、音乐、历史或手工题材。风格区分：避免体积厚涂。创作真实完整的漫画页面，而不是单张角色插画或四幅无关图片；人物、环境、文字、气泡、音效和特效必须统一属于所选视觉体系。
72,版画漫画,绘画媒介与印刷漫画,木刻、铜版或丝网印刷式肌理，强调黑白关系和人工印刷痕迹。,刻线、交叉排线、油墨压印、高黑白对比,边缘必须服从真实媒介,角色造型和表演必须服务该类型；不要只换滤镜或背景。,综合色彩遵守媒介限制,优先表现材料本身，不要被光滑数码感覆盖,光影服从题材和类型；关键镜头强化视觉焦点。,分格与材料结构结合,纸纤维、颜料颗粒、错版、压痕、撕纸或手工表面是核心,选择能展示材料触感的日常、旅行、童话、音乐、历史或手工题材,避免数字柔光,漫画视觉体系：版画漫画。核心识别锚点：刻线、交叉排线、油墨压印、高黑白对比。线条与造型：边缘必须服从真实媒介。人物：角色造型和表演必须服务该类型；不要只换滤镜或背景。。色彩：综合色彩遵守媒介限制。上色/渲染：优先表现材料本身，不要被光滑数码感覆盖。光影：光影服从题材和类型；关键镜头强化视觉焦点。。分镜与版式：分格与材料结构结合。材质：纸纤维、颜料颗粒、错版、压痕、撕纸或手工表面是核心。题材建议：选择能展示材料触感的日常、旅行、童话、音乐、历史或手工题材。风格区分：避免数字柔光。创作真实完整的漫画页面，而不是单张角色插画或四幅无关图片；人物、环境、文字、气泡、音效和特效必须统一属于所选视觉体系。
73,Risograph 漫画,绘画媒介与印刷漫画,2–4种专色、错版、颗粒和纸张感明显，具有独立出版物气质。,2–4专色、孔版颗粒、套印错位、独立出版,边缘必须服从真实媒介,角色造型和表演必须服务该类型；不要只换滤镜或背景。,综合色彩遵守媒介限制,优先表现材料本身，不要被光滑数码感覆盖,光影服从题材和类型；关键镜头强化视觉焦点。,分格与材料结构结合,纸纤维、颜料颗粒、错版、压痕、撕纸或手工表面是核心,选择能展示材料触感的日常、旅行、童话、音乐、历史或手工题材,避免全彩渐变,漫画视觉体系：Risograph 漫画。核心识别锚点：2–4专色、孔版颗粒、套印错位、独立出版。线条与造型：边缘必须服从真实媒介。人物：角色造型和表演必须服务该类型；不要只换滤镜或背景。。色彩：综合色彩遵守媒介限制。上色/渲染：优先表现材料本身，不要被光滑数码感覆盖。光影：光影服从题材和类型；关键镜头强化视觉焦点。。分镜与版式：分格与材料结构结合。材质：纸纤维、颜料颗粒、错版、压痕、撕纸或手工表面是核心。题材建议：选择能展示材料触感的日常、旅行、童话、音乐、历史或手工题材。风格区分：避免全彩渐变。创作真实完整的漫画页面，而不是单张角色插画或四幅无关图片；人物、环境、文字、气泡、音效和特效必须统一属于所选视觉体系。
74,丝网印刷漫画,绘画媒介与印刷漫画,大色块、半调网点、套印错位和油墨质感，画面平面冲击强。,3–5专色、大色块、半调网点、丝网油墨,边缘必须服从真实媒介,角色造型和表演必须服务该类型；不要只换滤镜或背景。,综合色彩遵守媒介限制,优先表现材料本身，不要被光滑数码感覆盖,光影服从题材和类型；关键镜头强化视觉焦点。,分格与材料结构结合,纸纤维、颜料颗粒、错版、压痕、撕纸或手工表面是核心,选择能展示材料触感的日常、旅行、童话、音乐、历史或手工题材,避免细腻摄影渐变,漫画视觉体系：丝网印刷漫画。核心识别锚点：3–5专色、大色块、半调网点、丝网油墨。线条与造型：边缘必须服从真实媒介。人物：角色造型和表演必须服务该类型；不要只换滤镜或背景。。色彩：综合色彩遵守媒介限制。上色/渲染：优先表现材料本身，不要被光滑数码感覆盖。光影：光影服从题材和类型；关键镜头强化视觉焦点。。分镜与版式：分格与材料结构结合。材质：纸纤维、颜料颗粒、错版、压痕、撕纸或手工表面是核心。题材建议：选择能展示材料触感的日常、旅行、童话、音乐、历史或手工题材。风格区分：避免细腻摄影渐变。创作真实完整的漫画页面，而不是单张角色插画或四幅无关图片；人物、环境、文字、气泡、音效和特效必须统一属于所选视觉体系。
75,Newspaper Comic,绘画媒介与印刷漫画,报纸纸张、黑色网点和有限色彩，具有大众印刷连环漫画感。,新闻纸纸色、黑网点、有限综合色彩,边缘必须服从真实媒介,角色造型和表演必须服务该类型；不要只换滤镜或背景。,综合色彩遵守媒介限制,优先表现材料本身，不要被光滑数码感覆盖,光影服从题材和类型；关键镜头强化视觉焦点。,分格与材料结构结合,纸纤维、颜料颗粒、错版、压痕、撕纸或手工表面是核心,选择能展示材料触感的日常、旅行、童话、音乐、历史或手工题材,避免现代高饱和数码,漫画视觉体系：Newspaper Comic。核心识别锚点：新闻纸纸色、黑网点、有限综合色彩。线条与造型：边缘必须服从真实媒介。人物：角色造型和表演必须服务该类型；不要只换滤镜或背景。。色彩：综合色彩遵守媒介限制。上色/渲染：优先表现材料本身，不要被光滑数码感覆盖。光影：光影服从题材和类型；关键镜头强化视觉焦点。。分镜与版式：分格与材料结构结合。材质：纸纤维、颜料颗粒、错版、压痕、撕纸或手工表面是核心。题材建议：选择能展示材料触感的日常、旅行、童话、音乐、历史或手工题材。风格区分：避免现代高饱和数码。创作真实完整的漫画页面，而不是单张角色插画或四幅无关图片；人物、环境、文字、气泡、音效和特效必须统一属于所选视觉体系。
76,Zine Comic,绘画媒介与印刷漫画,自由排版、手工装订感和作者性强，适合实验短篇。,DIY手写、胶带、照片、自由拼贴,边缘必须服从真实媒介,角色造型和表演必须服务该类型；不要只换滤镜或背景。,综合色彩遵守媒介限制,优先表现材料本身，不要被光滑数码感覆盖,光影服从题材和类型；关键镜头强化视觉焦点。,分格与材料结构结合,纸纤维、颜料颗粒、错版、压痕、撕纸或手工表面是核心,选择能展示材料触感的日常、旅行、童话、音乐、历史或手工题材,避免商业统一网格,漫画视觉体系：Zine Comic。核心识别锚点：DIY手写、胶带、照片、自由拼贴。线条与造型：边缘必须服从真实媒介。人物：角色造型和表演必须服务该类型；不要只换滤镜或背景。。色彩：综合色彩遵守媒介限制。上色/渲染：优先表现材料本身，不要被光滑数码感覆盖。光影：光影服从题材和类型；关键镜头强化视觉焦点。。分镜与版式：分格与材料结构结合。材质：纸纤维、颜料颗粒、错版、压痕、撕纸或手工表面是核心。题材建议：选择能展示材料触感的日常、旅行、童话、音乐、历史或手工题材。风格区分：避免商业统一网格。创作真实完整的漫画页面，而不是单张角色插画或四幅无关图片；人物、环境、文字、气泡、音效和特效必须统一属于所选视觉体系。
77,Punk Zine Comic,绘画媒介与印刷漫画,复印噪点、撕纸、涂鸦、胶带和粗暴文字，带地下文化气质。,黑白复印、撕纸、红黑涂鸦、朋克地下乐队,边缘必须服从真实媒介,角色造型和表演必须服务该类型；不要只换滤镜或背景。,综合色彩遵守媒介限制,优先表现材料本身，不要被光滑数码感覆盖,光影服从题材和类型；关键镜头强化视觉焦点。,分格与材料结构结合,纸纤维、颜料颗粒、错版、压痕、撕纸或手工表面是核心,选择能展示材料触感的日常、旅行、童话、音乐、历史或手工题材,避免高端杂志精致感,漫画视觉体系：Punk Zine Comic。核心识别锚点：黑白复印、撕纸、红黑涂鸦、朋克地下乐队。线条与造型：边缘必须服从真实媒介。人物：角色造型和表演必须服务该类型；不要只换滤镜或背景。。色彩：综合色彩遵守媒介限制。上色/渲染：优先表现材料本身，不要被光滑数码感覆盖。光影：光影服从题材和类型；关键镜头强化视觉焦点。。分镜与版式：分格与材料结构结合。材质：纸纤维、颜料颗粒、错版、压痕、撕纸或手工表面是核心。题材建议：选择能展示材料触感的日常、旅行、童话、音乐、历史或手工题材。风格区分：避免高端杂志精致感。创作真实完整的漫画页面，而不是单张角色插画或四幅无关图片；人物、环境、文字、气泡、音效和特效必须统一属于所选视觉体系。
78,Xerox Comic,绘画媒介与印刷漫画,黑白复印机噪点、失真边缘和高对比，廉价又有强烈个性。,极端黑白复印、失真边缘、曝光过度和噪点,边缘必须服从真实媒介,角色造型和表演必须服务该类型；不要只换滤镜或背景。,综合色彩遵守媒介限制,优先表现材料本身，不要被光滑数码感覆盖,光影服从题材和类型；关键镜头强化视觉焦点。,分格与材料结构结合,纸纤维、颜料颗粒、错版、压痕、撕纸或手工表面是核心,选择能展示材料触感的日常、旅行、童话、音乐、历史或手工题材,避免干净矢量,漫画视觉体系：Xerox Comic。核心识别锚点：极端黑白复印、失真边缘、曝光过度和噪点。线条与造型：边缘必须服从真实媒介。人物：角色造型和表演必须服务该类型；不要只换滤镜或背景。。色彩：综合色彩遵守媒介限制。上色/渲染：优先表现材料本身，不要被光滑数码感覆盖。光影：光影服从题材和类型；关键镜头强化视觉焦点。。分镜与版式：分格与材料结构结合。材质：纸纤维、颜料颗粒、错版、压痕、撕纸或手工表面是核心。题材建议：选择能展示材料触感的日常、旅行、童话、音乐、历史或手工题材。风格区分：避免干净矢量。创作真实完整的漫画页面，而不是单张角色插画或四幅无关图片；人物、环境、文字、气泡、音效和特效必须统一属于所选视觉体系。
79,Letterpress Comic,绘画媒介与印刷漫画,活版印刷压痕、有限颜色和纸张纤维，具有复古工艺感。,活版压痕、纸纤维、2–3传统墨色,边缘必须服从真实媒介,角色造型和表演必须服务该类型；不要只换滤镜或背景。,综合色彩遵守媒介限制,优先表现材料本身，不要被光滑数码感覆盖,光影服从题材和类型；关键镜头强化视觉焦点。,分格与材料结构结合,纸纤维、颜料颗粒、错版、压痕、撕纸或手工表面是核心,选择能展示材料触感的日常、旅行、童话、音乐、历史或手工题材,避免霓虹和照片级光效,漫画视觉体系：Letterpress Comic。核心识别锚点：活版压痕、纸纤维、2–3传统墨色。线条与造型：边缘必须服从真实媒介。人物：角色造型和表演必须服务该类型；不要只换滤镜或背景。。色彩：综合色彩遵守媒介限制。上色/渲染：优先表现材料本身，不要被光滑数码感覆盖。光影：光影服从题材和类型；关键镜头强化视觉焦点。。分镜与版式：分格与材料结构结合。材质：纸纤维、颜料颗粒、错版、压痕、撕纸或手工表面是核心。题材建议：选择能展示材料触感的日常、旅行、童话、音乐、历史或手工题材。风格区分：避免霓虹和照片级光效。创作真实完整的漫画页面，而不是单张角色插画或四幅无关图片；人物、环境、文字、气泡、音效和特效必须统一属于所选视觉体系。
80,Vintage Magazine Comic,绘画媒介与印刷漫画,老杂志色偏、网点和复古字体，让漫画像旧出版物。,旧杂志色偏、网点、复古广告字体、旅游浪漫,边缘必须服从真实媒介,角色造型和表演必须服务该类型；不要只换滤镜或背景。,综合色彩遵守媒介限制,优先表现材料本身，不要被光滑数码感覆盖,光影服从题材和类型；关键镜头强化视觉焦点。,分格与材料结构结合,纸纤维、颜料颗粒、错版、压痕、撕纸或手工表面是核心,选择能展示材料触感的日常、旅行、童话、音乐、历史或手工题材,避免现代无纹理极简,漫画视觉体系：Vintage Magazine Comic。核心识别锚点：旧杂志色偏、网点、复古广告字体、旅游浪漫。线条与造型：边缘必须服从真实媒介。人物：角色造型和表演必须服务该类型；不要只换滤镜或背景。。色彩：综合色彩遵守媒介限制。上色/渲染：优先表现材料本身，不要被光滑数码感覆盖。光影：光影服从题材和类型；关键镜头强化视觉焦点。。分镜与版式：分格与材料结构结合。材质：纸纤维、颜料颗粒、错版、压痕、撕纸或手工表面是核心。题材建议：选择能展示材料触感的日常、旅行、童话、音乐、历史或手工题材。风格区分：避免现代无纹理极简。创作真实完整的漫画页面，而不是单张角色插画或四幅无关图片；人物、环境、文字、气泡、音效和特效必须统一属于所选视觉体系。
81,Pop Art Comic,现代艺术流派漫画,Ben-Day 网点、纯色、巨大对白和商品化图形语言，视觉极醒目。,Ben-Day网点、商品符号、巨大拟声词、纯色,线条和空间服从对应艺术运动,角色造型和表演必须服务该类型；不要只换滤镜或背景。,使用该流派最典型的色彩关系,让艺术构成真正作用于人物和场景,光影服从题材和类型；关键镜头强化视觉焦点。,文字、面板和主体共同服从统一构成,保留涂鸦、拼贴、印刷或绘画痕迹,选择城市、人物、音乐、消费文化或荒诞事件，让艺术构成成为页面主角,避免自然综合色调,漫画视觉体系：Pop Art Comic。核心识别锚点：Ben-Day网点、商品符号、巨大拟声词、纯色。线条与造型：线条和空间服从对应艺术运动。人物：角色造型和表演必须服务该类型；不要只换滤镜或背景。。色彩：使用该流派最典型的色彩关系。上色/渲染：让艺术构成真正作用于人物和场景。光影：光影服从题材和类型；关键镜头强化视觉焦点。。分镜与版式：文字、面板和主体共同服从统一构成。材质：保留涂鸦、拼贴、印刷或绘画痕迹。题材建议：选择城市、人物、音乐、消费文化或荒诞事件，让艺术构成成为页面主角。风格区分：避免自然综合色调。创作真实完整的漫画页面，而不是单张角色插画或四幅无关图片；人物、环境、文字、气泡、音效和特效必须统一属于所选视觉体系。
82,Editorial Comic,现代艺术流派漫画,漫画分镜与杂志版式融合，文字、图片、留白共同参与构图。,杂志排版、大留白、巨字、摄影/插画混排,线条和空间服从对应艺术运动,角色造型和表演必须服务该类型；不要只换滤镜或背景。,使用该流派最典型的色彩关系,让艺术构成真正作用于人物和场景,光影服从题材和类型；关键镜头强化视觉焦点。,文字、面板和主体共同服从统一构成,保留涂鸦、拼贴、印刷或绘画痕迹,选择城市、人物、音乐、消费文化或荒诞事件，让艺术构成成为页面主角,避免传统满格,漫画视觉体系：Editorial Comic。核心识别锚点：杂志排版、大留白、巨字、摄影/插画混排。线条与造型：线条和空间服从对应艺术运动。人物：角色造型和表演必须服务该类型；不要只换滤镜或背景。。色彩：使用该流派最典型的色彩关系。上色/渲染：让艺术构成真正作用于人物和场景。光影：光影服从题材和类型；关键镜头强化视觉焦点。。分镜与版式：文字、面板和主体共同服从统一构成。材质：保留涂鸦、拼贴、印刷或绘画痕迹。题材建议：选择城市、人物、音乐、消费文化或荒诞事件，让艺术构成成为页面主角。风格区分：避免传统满格。创作真实完整的漫画页面，而不是单张角色插画或四幅无关图片；人物、环境、文字、气泡、音效和特效必须统一属于所选视觉体系。
83,表现主义漫画,现代艺术流派漫画,扭曲透视、强烈色彩和不稳定笔触直接表现人物情绪。,扭曲透视、猛烈笔触、主观情绪色,线条和空间服从对应艺术运动,角色造型和表演必须服务该类型；不要只换滤镜或背景。,使用该流派最典型的色彩关系,让艺术构成真正作用于人物和场景,光影服从题材和类型；关键镜头强化视觉焦点。,文字、面板和主体共同服从统一构成,保留涂鸦、拼贴、印刷或绘画痕迹,选择城市、人物、音乐、消费文化或荒诞事件，让艺术构成成为页面主角,避免自然准确透视,漫画视觉体系：表现主义漫画。核心识别锚点：扭曲透视、猛烈笔触、主观情绪色。线条与造型：线条和空间服从对应艺术运动。人物：角色造型和表演必须服务该类型；不要只换滤镜或背景。。色彩：使用该流派最典型的色彩关系。上色/渲染：让艺术构成真正作用于人物和场景。光影：光影服从题材和类型；关键镜头强化视觉焦点。。分镜与版式：文字、面板和主体共同服从统一构成。材质：保留涂鸦、拼贴、印刷或绘画痕迹。题材建议：选择城市、人物、音乐、消费文化或荒诞事件，让艺术构成成为页面主角。风格区分：避免自然准确透视。创作真实完整的漫画页面，而不是单张角色插画或四幅无关图片；人物、环境、文字、气泡、音效和特效必须统一属于所选视觉体系。
84,立体主义漫画,现代艺术流派漫画,人物与空间被拆解成几何切面，可在同一格呈现多个视角。,多视角、几何切面、碎片空间,线条和空间服从对应艺术运动,角色造型和表演必须服务该类型；不要只换滤镜或背景。,使用该流派最典型的色彩关系,让艺术构成真正作用于人物和场景,光影服从题材和类型；关键镜头强化视觉焦点。,文字、面板和主体共同服从统一构成,保留涂鸦、拼贴、印刷或绘画痕迹,选择城市、人物、音乐、消费文化或荒诞事件，让艺术构成成为页面主角,避免单一透视写实,漫画视觉体系：立体主义漫画。核心识别锚点：多视角、几何切面、碎片空间。线条与造型：线条和空间服从对应艺术运动。人物：角色造型和表演必须服务该类型；不要只换滤镜或背景。。色彩：使用该流派最典型的色彩关系。上色/渲染：让艺术构成真正作用于人物和场景。光影：光影服从题材和类型；关键镜头强化视觉焦点。。分镜与版式：文字、面板和主体共同服从统一构成。材质：保留涂鸦、拼贴、印刷或绘画痕迹。题材建议：选择城市、人物、音乐、消费文化或荒诞事件，让艺术构成成为页面主角。风格区分：避免单一透视写实。创作真实完整的漫画页面，而不是单张角色插画或四幅无关图片；人物、环境、文字、气泡、音效和特效必须统一属于所选视觉体系。
85,未来主义漫画,现代艺术流派漫画,重复人体、速度轨迹和机械节奏强调运动与现代性。,重复人体、速度轨迹、机械节奏、斜向推进,线条和空间服从对应艺术运动,角色造型和表演必须服务该类型；不要只换滤镜或背景。,使用该流派最典型的色彩关系,让艺术构成真正作用于人物和场景,光影服从题材和类型；关键镜头强化视觉焦点。,文字、面板和主体共同服从统一构成,保留涂鸦、拼贴、印刷或绘画痕迹,选择城市、人物、音乐、消费文化或荒诞事件，让艺术构成成为页面主角,避免静态对称,漫画视觉体系：未来主义漫画。核心识别锚点：重复人体、速度轨迹、机械节奏、斜向推进。线条与造型：线条和空间服从对应艺术运动。人物：角色造型和表演必须服务该类型；不要只换滤镜或背景。。色彩：使用该流派最典型的色彩关系。上色/渲染：让艺术构成真正作用于人物和场景。光影：光影服从题材和类型；关键镜头强化视觉焦点。。分镜与版式：文字、面板和主体共同服从统一构成。材质：保留涂鸦、拼贴、印刷或绘画痕迹。题材建议：选择城市、人物、音乐、消费文化或荒诞事件，让艺术构成成为页面主角。风格区分：避免静态对称。创作真实完整的漫画页面，而不是单张角色插画或四幅无关图片；人物、环境、文字、气泡、音效和特效必须统一属于所选视觉体系。
86,超现实主义漫画,现代艺术流派漫画,梦境空间、尺度错乱和物体变形制造不可预测的叙事。,梦境逻辑、尺度错乱、漂浮物和不可能空间,线条和空间服从对应艺术运动,角色造型和表演必须服务该类型；不要只换滤镜或背景。,使用该流派最典型的色彩关系,让艺术构成真正作用于人物和场景,光影服从题材和类型；关键镜头强化视觉焦点。,文字、面板和主体共同服从统一构成,保留涂鸦、拼贴、印刷或绘画痕迹,选择城市、人物、音乐、消费文化或荒诞事件，让艺术构成成为页面主角,避免过度解释,漫画视觉体系：超现实主义漫画。核心识别锚点：梦境逻辑、尺度错乱、漂浮物和不可能空间。线条与造型：线条和空间服从对应艺术运动。人物：角色造型和表演必须服务该类型；不要只换滤镜或背景。。色彩：使用该流派最典型的色彩关系。上色/渲染：让艺术构成真正作用于人物和场景。光影：光影服从题材和类型；关键镜头强化视觉焦点。。分镜与版式：文字、面板和主体共同服从统一构成。材质：保留涂鸦、拼贴、印刷或绘画痕迹。题材建议：选择城市、人物、音乐、消费文化或荒诞事件，让艺术构成成为页面主角。风格区分：避免过度解释。创作真实完整的漫画页面，而不是单张角色插画或四幅无关图片；人物、环境、文字、气泡、音效和特效必须统一属于所选视觉体系。
87,达达主义漫画,现代艺术流派漫画,拼贴、随机文字和反逻辑结构，强调荒诞与反秩序。,随机拼贴、反逻辑文字、荒诞物件、偶然构成,线条和空间服从对应艺术运动,角色造型和表演必须服务该类型；不要只换滤镜或背景。,使用该流派最典型的色彩关系,让艺术构成真正作用于人物和场景,光影服从题材和类型；关键镜头强化视觉焦点。,文字、面板和主体共同服从统一构成,保留涂鸦、拼贴、印刷或绘画痕迹,选择城市、人物、音乐、消费文化或荒诞事件，让艺术构成成为页面主角,避免统一整洁,漫画视觉体系：达达主义漫画。核心识别锚点：随机拼贴、反逻辑文字、荒诞物件、偶然构成。线条与造型：线条和空间服从对应艺术运动。人物：角色造型和表演必须服务该类型；不要只换滤镜或背景。。色彩：使用该流派最典型的色彩关系。上色/渲染：让艺术构成真正作用于人物和场景。光影：光影服从题材和类型；关键镜头强化视觉焦点。。分镜与版式：文字、面板和主体共同服从统一构成。材质：保留涂鸦、拼贴、印刷或绘画痕迹。题材建议：选择城市、人物、音乐、消费文化或荒诞事件，让艺术构成成为页面主角。风格区分：避免统一整洁。创作真实完整的漫画页面，而不是单张角色插画或四幅无关图片；人物、环境、文字、气泡、音效和特效必须统一属于所选视觉体系。
88,波普艺术漫画,现代艺术流派漫画,商业符号、强纯色和网点处理，让漫画像大众消费图像。,大众消费符号、重复图案、强纯色与网点,线条和空间服从对应艺术运动,角色造型和表演必须服务该类型；不要只换滤镜或背景。,使用该流派最典型的色彩关系,让艺术构成真正作用于人物和场景,光影服从题材和类型；关键镜头强化视觉焦点。,文字、面板和主体共同服从统一构成,保留涂鸦、拼贴、印刷或绘画痕迹,选择城市、人物、音乐、消费文化或荒诞事件，让艺术构成成为页面主角,避免自然主义综合色调,漫画视觉体系：波普艺术漫画。核心识别锚点：大众消费符号、重复图案、强纯色与网点。线条与造型：线条和空间服从对应艺术运动。人物：角色造型和表演必须服务该类型；不要只换滤镜或背景。。色彩：使用该流派最典型的色彩关系。上色/渲染：让艺术构成真正作用于人物和场景。光影：光影服从题材和类型；关键镜头强化视觉焦点。。分镜与版式：文字、面板和主体共同服从统一构成。材质：保留涂鸦、拼贴、印刷或绘画痕迹。题材建议：选择城市、人物、音乐、消费文化或荒诞事件，让艺术构成成为页面主角。风格区分：避免自然主义综合色调。创作真实完整的漫画页面，而不是单张角色插画或四幅无关图片；人物、环境、文字、气泡、音效和特效必须统一属于所选视觉体系。
89,构成主义漫画,现代艺术流派漫画,红黑白、斜线和几何构成主导页面，强调力量和秩序。,红黑白、斜线、工业几何、集体行动,线条和空间服从对应艺术运动,角色造型和表演必须服务该类型；不要只换滤镜或背景。,使用该流派最典型的色彩关系,让艺术构成真正作用于人物和场景,光影服从题材和类型；关键镜头强化视觉焦点。,文字、面板和主体共同服从统一构成,保留涂鸦、拼贴、印刷或绘画痕迹,选择城市、人物、音乐、消费文化或荒诞事件，让艺术构成成为页面主角,避免柔和装饰,漫画视觉体系：构成主义漫画。核心识别锚点：红黑白、斜线、工业几何、集体行动。线条与造型：线条和空间服从对应艺术运动。人物：角色造型和表演必须服务该类型；不要只换滤镜或背景。。色彩：使用该流派最典型的色彩关系。上色/渲染：让艺术构成真正作用于人物和场景。光影：光影服从题材和类型；关键镜头强化视觉焦点。。分镜与版式：文字、面板和主体共同服从统一构成。材质：保留涂鸦、拼贴、印刷或绘画痕迹。题材建议：选择城市、人物、音乐、消费文化或荒诞事件，让艺术构成成为页面主角。风格区分：避免柔和装饰。创作真实完整的漫画页面，而不是单张角色插画或四幅无关图片；人物、环境、文字、气泡、音效和特效必须统一属于所选视觉体系。
90,包豪斯漫画,现代艺术流派漫画,几何人物、功能主义版式和基础形状，整体简洁理性。,基础几何、红黄蓝黑白、理性留白、模块网格,线条和空间服从对应艺术运动,角色造型和表演必须服务该类型；不要只换滤镜或背景。,使用该流派最典型的色彩关系,让艺术构成真正作用于人物和场景,光影服从题材和类型；关键镜头强化视觉焦点。,文字、面板和主体共同服从统一构成,保留涂鸦、拼贴、印刷或绘画痕迹,选择城市、人物、音乐、消费文化或荒诞事件，让艺术构成成为页面主角,避免繁复纹样,漫画视觉体系：包豪斯漫画。核心识别锚点：基础几何、红黄蓝黑白、理性留白、模块网格。线条与造型：线条和空间服从对应艺术运动。人物：角色造型和表演必须服务该类型；不要只换滤镜或背景。。色彩：使用该流派最典型的色彩关系。上色/渲染：让艺术构成真正作用于人物和场景。光影：光影服从题材和类型；关键镜头强化视觉焦点。。分镜与版式：文字、面板和主体共同服从统一构成。材质：保留涂鸦、拼贴、印刷或绘画痕迹。题材建议：选择城市、人物、音乐、消费文化或荒诞事件，让艺术构成成为页面主角。风格区分：避免繁复纹样。创作真实完整的漫画页面，而不是单张角色插画或四幅无关图片；人物、环境、文字、气泡、音效和特效必须统一属于所选视觉体系。
91,孟菲斯漫画,现代艺术流派漫画,高饱和几何图形、圆点、锯齿、波浪线和不对称构图，轻松、玩味、80年代感强。,圆点、锯齿、波浪线、粉黄青蓝黑、不对称几何,线条和空间服从对应艺术运动,角色造型和表演必须服务该类型；不要只换滤镜或背景。,使用该流派最典型的色彩关系,让艺术构成真正作用于人物和场景,光影服从题材和类型；关键镜头强化视觉焦点。,文字、面板和主体共同服从统一构成,保留涂鸦、拼贴、印刷或绘画痕迹,选择城市、人物、音乐、消费文化或荒诞事件，让艺术构成成为页面主角,避免自然主义背景,漫画视觉体系：孟菲斯漫画。核心识别锚点：圆点、锯齿、波浪线、粉黄青蓝黑、不对称几何。线条与造型：线条和空间服从对应艺术运动。人物：角色造型和表演必须服务该类型；不要只换滤镜或背景。。色彩：使用该流派最典型的色彩关系。上色/渲染：让艺术构成真正作用于人物和场景。光影：光影服从题材和类型；关键镜头强化视觉焦点。。分镜与版式：文字、面板和主体共同服从统一构成。材质：保留涂鸦、拼贴、印刷或绘画痕迹。题材建议：选择城市、人物、音乐、消费文化或荒诞事件，让艺术构成成为页面主角。风格区分：避免自然主义背景。创作真实完整的漫画页面，而不是单张角色插画或四幅无关图片；人物、环境、文字、气泡、音效和特效必须统一属于所选视觉体系。
92,新表现主义漫画,现代艺术流派漫画,粗暴笔触、涂鸦线条和高冲突色彩，强调原始情绪。,粗暴笔触、涂鸦文字、原始人形、高冲突色,线条和空间服从对应艺术运动,角色造型和表演必须服务该类型；不要只换滤镜或背景。,使用该流派最典型的色彩关系,让艺术构成真正作用于人物和场景,光影服从题材和类型；关键镜头强化视觉焦点。,文字、面板和主体共同服从统一构成,保留涂鸦、拼贴、印刷或绘画痕迹,选择城市、人物、音乐、消费文化或荒诞事件，让艺术构成成为页面主角,避免精致商业修饰,漫画视觉体系：新表现主义漫画。核心识别锚点：粗暴笔触、涂鸦文字、原始人形、高冲突色。线条与造型：线条和空间服从对应艺术运动。人物：角色造型和表演必须服务该类型；不要只换滤镜或背景。。色彩：使用该流派最典型的色彩关系。上色/渲染：让艺术构成真正作用于人物和场景。光影：光影服从题材和类型；关键镜头强化视觉焦点。。分镜与版式：文字、面板和主体共同服从统一构成。材质：保留涂鸦、拼贴、印刷或绘画痕迹。题材建议：选择城市、人物、音乐、消费文化或荒诞事件，让艺术构成成为页面主角。风格区分：避免精致商业修饰。创作真实完整的漫画页面，而不是单张角色插画或四幅无关图片；人物、环境、文字、气泡、音效和特效必须统一属于所选视觉体系。
93,涂鸦漫画,现代艺术流派漫画,喷漆、马克笔、手写字和街头符号大量介入分镜。,喷漆字、皇冠、箭头、马克笔、街舞地铁,线条和空间服从对应艺术运动,角色造型和表演必须服务该类型；不要只换滤镜或背景。,使用该流派最典型的色彩关系,让艺术构成真正作用于人物和场景,光影服从题材和类型；关键镜头强化视觉焦点。,文字、面板和主体共同服从统一构成,保留涂鸦、拼贴、印刷或绘画痕迹,选择城市、人物、音乐、消费文化或荒诞事件，让艺术构成成为页面主角,避免干净白盒版式,漫画视觉体系：涂鸦漫画。核心识别锚点：喷漆字、皇冠、箭头、马克笔、街舞地铁。线条与造型：线条和空间服从对应艺术运动。人物：角色造型和表演必须服务该类型；不要只换滤镜或背景。。色彩：使用该流派最典型的色彩关系。上色/渲染：让艺术构成真正作用于人物和场景。光影：光影服从题材和类型；关键镜头强化视觉焦点。。分镜与版式：文字、面板和主体共同服从统一构成。材质：保留涂鸦、拼贴、印刷或绘画痕迹。题材建议：选择城市、人物、音乐、消费文化或荒诞事件，让艺术构成成为页面主角。风格区分：避免干净白盒版式。创作真实完整的漫画页面，而不是单张角色插画或四幅无关图片；人物、环境、文字、气泡、音效和特效必须统一属于所选视觉体系。
94,街头艺术漫画,现代艺术流派漫画,Stencil、贴纸、墙面纹理和城市图形结合，具有街头视觉文化感。,Stencil、贴纸、墙面剥落、城市巨幅人物,线条和空间服从对应艺术运动,角色造型和表演必须服务该类型；不要只换滤镜或背景。,使用该流派最典型的色彩关系,让艺术构成真正作用于人物和场景,光影服从题材和类型；关键镜头强化视觉焦点。,文字、面板和主体共同服从统一构成,保留涂鸦、拼贴、印刷或绘画痕迹,选择城市、人物、音乐、消费文化或荒诞事件，让艺术构成成为页面主角,避免室内精致插画,漫画视觉体系：街头艺术漫画。核心识别锚点：Stencil、贴纸、墙面剥落、城市巨幅人物。线条与造型：线条和空间服从对应艺术运动。人物：角色造型和表演必须服务该类型；不要只换滤镜或背景。。色彩：使用该流派最典型的色彩关系。上色/渲染：让艺术构成真正作用于人物和场景。光影：光影服从题材和类型；关键镜头强化视觉焦点。。分镜与版式：文字、面板和主体共同服从统一构成。材质：保留涂鸦、拼贴、印刷或绘画痕迹。题材建议：选择城市、人物、音乐、消费文化或荒诞事件，让艺术构成成为页面主角。风格区分：避免室内精致插画。创作真实完整的漫画页面，而不是单张角色插画或四幅无关图片；人物、环境、文字、气泡、音效和特效必须统一属于所选视觉体系。
95,黑色电影漫画,电影类型漫画,高反差光影、侦探旁白和城市阴影营造悬疑与宿命感。,黑白雨夜、百叶窗影、侦探帽、宿命旁白,成熟写实或图像小说线条,角色造型和表演必须服务该类型；不要只换滤镜或背景。,建立明确类型片调色,电影材质、景深和空间关系清楚,把类型片灯光作为核心叙事信息，而不是装饰。,大量使用建立镜头、正反打、特写和宽银幕大格,胶片、雨雾、霓虹反射或时代摄影质感按类型使用,选择该电影类型最典型的场景与冲突，用镜头语言而不是装饰词区分风格,避免彩色霓虹,漫画视觉体系：黑色电影漫画。核心识别锚点：黑白雨夜、百叶窗影、侦探帽、宿命旁白。线条与造型：成熟写实或图像小说线条。人物：角色造型和表演必须服务该类型；不要只换滤镜或背景。。色彩：建立明确类型片调色。上色/渲染：电影材质、景深和空间关系清楚。光影：把类型片灯光作为核心叙事信息，而不是装饰。。分镜与版式：大量使用建立镜头、正反打、特写和宽银幕大格。材质：胶片、雨雾、霓虹反射或时代摄影质感按类型使用。题材建议：选择该电影类型最典型的场景与冲突，用镜头语言而不是装饰词区分风格。风格区分：避免彩色霓虹。创作真实完整的漫画页面，而不是单张角色插画或四幅无关图片；人物、环境、文字、气泡、音效和特效必须统一属于所选视觉体系。
96,都市霓虹漫画,电影类型漫画,彩色霓虹、拖影、反射与碎片对白突出都市夜生活情绪。,紫蓝品红霓虹、拖影、湿地反射、夜行孤独,成熟写实或图像小说线条,角色造型和表演必须服务该类型；不要只换滤镜或背景。,建立明确类型片调色,电影材质、景深和空间关系清楚,把类型片灯光作为核心叙事信息，而不是装饰。,大量使用建立镜头、正反打、特写和宽银幕大格,胶片、雨雾、霓虹反射或时代摄影质感按类型使用,选择该电影类型最典型的场景与冲突，用镜头语言而不是装饰词区分风格,避免日光清新,漫画视觉体系：都市霓虹漫画。核心识别锚点：紫蓝品红霓虹、拖影、湿地反射、夜行孤独。线条与造型：成熟写实或图像小说线条。人物：角色造型和表演必须服务该类型；不要只换滤镜或背景。。色彩：建立明确类型片调色。上色/渲染：电影材质、景深和空间关系清楚。光影：把类型片灯光作为核心叙事信息，而不是装饰。。分镜与版式：大量使用建立镜头、正反打、特写和宽银幕大格。材质：胶片、雨雾、霓虹反射或时代摄影质感按类型使用。题材建议：选择该电影类型最典型的场景与冲突，用镜头语言而不是装饰词区分风格。风格区分：避免日光清新。创作真实完整的漫画页面，而不是单张角色插画或四幅无关图片；人物、环境、文字、气泡、音效和特效必须统一属于所选视觉体系。
97,公路电影漫画,电影类型漫画,长距离移动镜头、大远景和沿途环境变化构成旅途叙事。,车窗、公路、大远景、沿途变化、伙伴关系,成熟写实或图像小说线条,角色造型和表演必须服务该类型；不要只换滤镜或背景。,建立明确类型片调色,电影材质、景深和空间关系清楚,把类型片灯光作为核心叙事信息，而不是装饰。,大量使用建立镜头、正反打、特写和宽银幕大格,胶片、雨雾、霓虹反射或时代摄影质感按类型使用,选择该电影类型最典型的场景与冲突，用镜头语言而不是装饰词区分风格,避免封闭室内,漫画视觉体系：公路电影漫画。核心识别锚点：车窗、公路、大远景、沿途变化、伙伴关系。线条与造型：成熟写实或图像小说线条。人物：角色造型和表演必须服务该类型；不要只换滤镜或背景。。色彩：建立明确类型片调色。上色/渲染：电影材质、景深和空间关系清楚。光影：把类型片灯光作为核心叙事信息，而不是装饰。。分镜与版式：大量使用建立镜头、正反打、特写和宽银幕大格。材质：胶片、雨雾、霓虹反射或时代摄影质感按类型使用。题材建议：选择该电影类型最典型的场景与冲突，用镜头语言而不是装饰词区分风格。风格区分：避免封闭室内。创作真实完整的漫画页面，而不是单张角色插画或四幅无关图片；人物、环境、文字、气泡、音效和特效必须统一属于所选视觉体系。
98,西部片漫画,电影类型漫画,荒野、低机位、强阳光和对峙构图形成孤独与决斗感。,荒漠小镇、低机位、正午强光、枪手对峙,成熟写实或图像小说线条,角色造型和表演必须服务该类型；不要只换滤镜或背景。,建立明确类型片调色,电影材质、景深和空间关系清楚,把类型片灯光作为核心叙事信息，而不是装饰。,大量使用建立镜头、正反打、特写和宽银幕大格,胶片、雨雾、霓虹反射或时代摄影质感按类型使用,选择该电影类型最典型的场景与冲突，用镜头语言而不是装饰词区分风格,避免现代都市元素,漫画视觉体系：西部片漫画。核心识别锚点：荒漠小镇、低机位、正午强光、枪手对峙。线条与造型：成熟写实或图像小说线条。人物：角色造型和表演必须服务该类型；不要只换滤镜或背景。。色彩：建立明确类型片调色。上色/渲染：电影材质、景深和空间关系清楚。光影：把类型片灯光作为核心叙事信息，而不是装饰。。分镜与版式：大量使用建立镜头、正反打、特写和宽银幕大格。材质：胶片、雨雾、霓虹反射或时代摄影质感按类型使用。题材建议：选择该电影类型最典型的场景与冲突，用镜头语言而不是装饰词区分风格。风格区分：避免现代都市元素。创作真实完整的漫画页面，而不是单张角色插画或四幅无关图片；人物、环境、文字、气泡、音效和特效必须统一属于所选视觉体系。
99,功夫电影漫画,电影类型漫画,横向动作、身体节奏和中近景连续切换，强调招式过程。,近身招式、横向身体节奏、起势接招转身收式,成熟写实或图像小说线条,角色造型和表演必须服务该类型；不要只换滤镜或背景。,建立明确类型片调色,电影材质、景深和空间关系清楚,把类型片灯光作为核心叙事信息，而不是装饰。,大量使用建立镜头、正反打、特写和宽银幕大格,胶片、雨雾、霓虹反射或时代摄影质感按类型使用,选择该电影类型最典型的场景与冲突，用镜头语言而不是装饰词区分风格,避免能量波替代实体动作,漫画视觉体系：功夫电影漫画。核心识别锚点：近身招式、横向身体节奏、起势接招转身收式。线条与造型：成熟写实或图像小说线条。人物：角色造型和表演必须服务该类型；不要只换滤镜或背景。。色彩：建立明确类型片调色。上色/渲染：电影材质、景深和空间关系清楚。光影：把类型片灯光作为核心叙事信息，而不是装饰。。分镜与版式：大量使用建立镜头、正反打、特写和宽银幕大格。材质：胶片、雨雾、霓虹反射或时代摄影质感按类型使用。题材建议：选择该电影类型最典型的场景与冲突，用镜头语言而不是装饰词区分风格。风格区分：避免能量波替代实体动作。创作真实完整的漫画页面，而不是单张角色插画或四幅无关图片；人物、环境、文字、气泡、音效和特效必须统一属于所选视觉体系。
100,武侠电影漫画,电影类型漫画,留白、长焦、飞檐、雾气和缓急节奏结合，强调东方电影感。,竹林雾月、长焦留白、克制刀剑、诗意余韵,成熟写实或图像小说线条,角色造型和表演必须服务该类型；不要只换滤镜或背景。,建立明确类型片调色,电影材质、景深和空间关系清楚,把类型片灯光作为核心叙事信息，而不是装饰。,大量使用建立镜头、正反打、特写和宽银幕大格,胶片、雨雾、霓虹反射或时代摄影质感按类型使用,选择该电影类型最典型的场景与冲突，用镜头语言而不是装饰词区分风格,避免港漫爆炸字,漫画视觉体系：武侠电影漫画。核心识别锚点：竹林雾月、长焦留白、克制刀剑、诗意余韵。线条与造型：成熟写实或图像小说线条。人物：角色造型和表演必须服务该类型；不要只换滤镜或背景。。色彩：建立明确类型片调色。上色/渲染：电影材质、景深和空间关系清楚。光影：把类型片灯光作为核心叙事信息，而不是装饰。。分镜与版式：大量使用建立镜头、正反打、特写和宽银幕大格。材质：胶片、雨雾、霓虹反射或时代摄影质感按类型使用。题材建议：选择该电影类型最典型的场景与冲突，用镜头语言而不是装饰词区分风格。风格区分：避免港漫爆炸字。创作真实完整的漫画页面，而不是单张角色插画或四幅无关图片；人物、环境、文字、气泡、音效和特效必须统一属于所选视觉体系。
101,恐怖电影漫画,电影类型漫画,暗角、狭窄视野、突然特写和停顿构成惊吓节奏。,暗角、狭窄走廊、空镜停顿、突然特写,成熟写实或图像小说线条,角色造型和表演必须服务该类型；不要只换滤镜或背景。,建立明确类型片调色,电影材质、景深和空间关系清楚,把类型片灯光作为核心叙事信息，而不是装饰。,大量使用建立镜头、正反打、特写和宽银幕大格,胶片、雨雾、霓虹反射或时代摄影质感按类型使用,选择该电影类型最典型的场景与冲突，用镜头语言而不是装饰词区分风格,避免提前展示怪物,漫画视觉体系：恐怖电影漫画。核心识别锚点：暗角、狭窄走廊、空镜停顿、突然特写。线条与造型：成熟写实或图像小说线条。人物：角色造型和表演必须服务该类型；不要只换滤镜或背景。。色彩：建立明确类型片调色。上色/渲染：电影材质、景深和空间关系清楚。光影：把类型片灯光作为核心叙事信息，而不是装饰。。分镜与版式：大量使用建立镜头、正反打、特写和宽银幕大格。材质：胶片、雨雾、霓虹反射或时代摄影质感按类型使用。题材建议：选择该电影类型最典型的场景与冲突，用镜头语言而不是装饰词区分风格。风格区分：避免提前展示怪物。创作真实完整的漫画页面，而不是单张角色插画或四幅无关图片；人物、环境、文字、气泡、音效和特效必须统一属于所选视觉体系。
102,科幻电影漫画,电影类型漫画,巨构建筑、冷色灯光、HUD和尺度对比建立未来世界。,巨构空间站、宇航服、HUD、尺度对比,成熟写实或图像小说线条,角色造型和表演必须服务该类型；不要只换滤镜或背景。,建立明确类型片调色,电影材质、景深和空间关系清楚,把类型片灯光作为核心叙事信息，而不是装饰。,大量使用建立镜头、正反打、特写和宽银幕大格,胶片、雨雾、霓虹反射或时代摄影质感按类型使用,选择该电影类型最典型的场景与冲突，用镜头语言而不是装饰词区分风格,避免卡通玩具感,漫画视觉体系：科幻电影漫画。核心识别锚点：巨构空间站、宇航服、HUD、尺度对比。线条与造型：成熟写实或图像小说线条。人物：角色造型和表演必须服务该类型；不要只换滤镜或背景。。色彩：建立明确类型片调色。上色/渲染：电影材质、景深和空间关系清楚。光影：把类型片灯光作为核心叙事信息，而不是装饰。。分镜与版式：大量使用建立镜头、正反打、特写和宽银幕大格。材质：胶片、雨雾、霓虹反射或时代摄影质感按类型使用。题材建议：选择该电影类型最典型的场景与冲突，用镜头语言而不是装饰词区分风格。风格区分：避免卡通玩具感。创作真实完整的漫画页面，而不是单张角色插画或四幅无关图片；人物、环境、文字、气泡、音效和特效必须统一属于所选视觉体系。
103,灾难片漫画,电影类型漫画,大尺度破坏、群像和连续危险升级形成强烈压迫感。,城市崩塌、人群逃生、碎屑尘雾、危险升级,成熟写实或图像小说线条,角色造型和表演必须服务该类型；不要只换滤镜或背景。,建立明确类型片调色,电影材质、景深和空间关系清楚,把类型片灯光作为核心叙事信息，而不是装饰。,大量使用建立镜头、正反打、特写和宽银幕大格,胶片、雨雾、霓虹反射或时代摄影质感按类型使用,选择该电影类型最典型的场景与冲突，用镜头语言而不是装饰词区分风格,避免单英雄摆姿势,漫画视觉体系：灾难片漫画。核心识别锚点：城市崩塌、人群逃生、碎屑尘雾、危险升级。线条与造型：成熟写实或图像小说线条。人物：角色造型和表演必须服务该类型；不要只换滤镜或背景。。色彩：建立明确类型片调色。上色/渲染：电影材质、景深和空间关系清楚。光影：把类型片灯光作为核心叙事信息，而不是装饰。。分镜与版式：大量使用建立镜头、正反打、特写和宽银幕大格。材质：胶片、雨雾、霓虹反射或时代摄影质感按类型使用。题材建议：选择该电影类型最典型的场景与冲突，用镜头语言而不是装饰词区分风格。风格区分：避免单英雄摆姿势。创作真实完整的漫画页面，而不是单张角色插画或四幅无关图片；人物、环境、文字、气泡、音效和特效必须统一属于所选视觉体系。
104,谍战漫画,电影类型漫画,分屏、监控画面、文件、地图和冷静特写推进信息博弈。,监控、文件、地图、秘密交换、冷静特写,成熟写实或图像小说线条,角色造型和表演必须服务该类型；不要只换滤镜或背景。,建立明确类型片调色,电影材质、景深和空间关系清楚,把类型片灯光作为核心叙事信息，而不是装饰。,大量使用建立镜头、正反打、特写和宽银幕大格,胶片、雨雾、霓虹反射或时代摄影质感按类型使用,选择该电影类型最典型的场景与冲突，用镜头语言而不是装饰词区分风格,避免超级英雄动作,漫画视觉体系：谍战漫画。核心识别锚点：监控、文件、地图、秘密交换、冷静特写。线条与造型：成熟写实或图像小说线条。人物：角色造型和表演必须服务该类型；不要只换滤镜或背景。。色彩：建立明确类型片调色。上色/渲染：电影材质、景深和空间关系清楚。光影：把类型片灯光作为核心叙事信息，而不是装饰。。分镜与版式：大量使用建立镜头、正反打、特写和宽银幕大格。材质：胶片、雨雾、霓虹反射或时代摄影质感按类型使用。题材建议：选择该电影类型最典型的场景与冲突，用镜头语言而不是装饰词区分风格。风格区分：避免超级英雄动作。创作真实完整的漫画页面，而不是单张角色插画或四幅无关图片；人物、环境、文字、气泡、音效和特效必须统一属于所选视觉体系。
105,犯罪电影漫画,电影类型漫画,冷色街灯、阴影和克制对白，适合都市犯罪与黑帮故事。,冷街灯、黑帮交易、现金武器特写、克制暴力,成熟写实或图像小说线条,角色造型和表演必须服务该类型；不要只换滤镜或背景。,建立明确类型片调色,电影材质、景深和空间关系清楚,把类型片灯光作为核心叙事信息，而不是装饰。,大量使用建立镜头、正反打、特写和宽银幕大格,胶片、雨雾、霓虹反射或时代摄影质感按类型使用,选择该电影类型最典型的场景与冲突，用镜头语言而不是装饰词区分风格,避免明亮喜剧色,漫画视觉体系：犯罪电影漫画。核心识别锚点：冷街灯、黑帮交易、现金武器特写、克制暴力。线条与造型：成熟写实或图像小说线条。人物：角色造型和表演必须服务该类型；不要只换滤镜或背景。。色彩：建立明确类型片调色。上色/渲染：电影材质、景深和空间关系清楚。光影：把类型片灯光作为核心叙事信息，而不是装饰。。分镜与版式：大量使用建立镜头、正反打、特写和宽银幕大格。材质：胶片、雨雾、霓虹反射或时代摄影质感按类型使用。题材建议：选择该电影类型最典型的场景与冲突，用镜头语言而不是装饰词区分风格。风格区分：避免明亮喜剧色。创作真实完整的漫画页面，而不是单张角色插画或四幅无关图片；人物、环境、文字、气泡、音效和特效必须统一属于所选视觉体系。
106,青春电影漫画,电影类型漫画,柔光、生活瞬间和细碎特写组成自然清新的青春叙事。,逆光海边/校园、照片感、生活瞬间、群像,成熟写实或图像小说线条,角色造型和表演必须服务该类型；不要只换滤镜或背景。,建立明确类型片调色,电影材质、景深和空间关系清楚,把类型片灯光作为核心叙事信息，而不是装饰。,大量使用建立镜头、正反打、特写和宽银幕大格,胶片、雨雾、霓虹反射或时代摄影质感按类型使用,选择该电影类型最典型的场景与冲突，用镜头语言而不是装饰词区分风格,避免暗黑高反差,漫画视觉体系：青春电影漫画。核心识别锚点：逆光海边/校园、照片感、生活瞬间、群像。线条与造型：成熟写实或图像小说线条。人物：角色造型和表演必须服务该类型；不要只换滤镜或背景。。色彩：建立明确类型片调色。上色/渲染：电影材质、景深和空间关系清楚。光影：把类型片灯光作为核心叙事信息，而不是装饰。。分镜与版式：大量使用建立镜头、正反打、特写和宽银幕大格。材质：胶片、雨雾、霓虹反射或时代摄影质感按类型使用。题材建议：选择该电影类型最典型的场景与冲突，用镜头语言而不是装饰词区分风格。风格区分：避免暗黑高反差。创作真实完整的漫画页面，而不是单张角色插画或四幅无关图片；人物、环境、文字、气泡、音效和特效必须统一属于所选视觉体系。
107,颜艺漫画,喜剧叙事结构漫画,通过极端面部变形和突然夸张表情直接制造笑点。,脸部瞬间极端变形、爆字、正常画风突然崩坏,清晰商业彩漫或轻漫画线条,角色人设反差、表情节奏和身体动作必须直接产生笑点。,明快可读，包袱处允许突然变灰白或爆色,角色和场景易读，关键处可Q版化/颜艺化,把类型片灯光作为核心叙事信息，而不是装饰。,分镜必须服务铺垫—升级—停顿—包袱,汗滴、黑线、石化、问号、速度线按笑点使用,选择简单日常事件，让笑点结构清楚可见,避免全程同强度颜艺,漫画视觉体系：颜艺漫画。核心识别锚点：脸部瞬间极端变形、爆字、正常画风突然崩坏。线条与造型：清晰商业彩漫或轻漫画线条。人物：角色人设反差、表情节奏和身体动作必须直接产生笑点。。色彩：明快可读，包袱处允许突然变灰白或爆色。上色/渲染：角色和场景易读，关键处可Q版化/颜艺化。光影：把类型片灯光作为核心叙事信息，而不是装饰。。分镜与版式：分镜必须服务铺垫—升级—停顿—包袱。材质：汗滴、黑线、石化、问号、速度线按笑点使用。题材建议：选择简单日常事件，让笑点结构清楚可见。风格区分：避免全程同强度颜艺。创作真实完整的漫画页面，而不是单张角色插画或四幅无关图片；人物、环境、文字、气泡、音效和特效必须统一属于所选视觉体系。
108,一本正经荒诞漫画,喜剧叙事结构漫画,画面和叙事极度认真，但事件本身非常微小或荒谬。,电影级严肃画面讲极小蠢事,清晰商业彩漫或轻漫画线条,角色人设反差、表情节奏和身体动作必须直接产生笑点。,明快可读，包袱处允许突然变灰白或爆色,角色和场景易读，关键处可Q版化/颜艺化,把类型片灯光作为核心叙事信息，而不是装饰。,分镜必须服务铺垫—升级—停顿—包袱,汗滴、黑线、石化、问号、速度线按笑点使用,选择简单日常事件，让笑点结构清楚可见,避免提前暴露笑点,漫画视觉体系：一本正经荒诞漫画。核心识别锚点：电影级严肃画面讲极小蠢事。线条与造型：清晰商业彩漫或轻漫画线条。人物：角色人设反差、表情节奏和身体动作必须直接产生笑点。。色彩：明快可读，包袱处允许突然变灰白或爆色。上色/渲染：角色和场景易读，关键处可Q版化/颜艺化。光影：把类型片灯光作为核心叙事信息，而不是装饰。。分镜与版式：分镜必须服务铺垫—升级—停顿—包袱。材质：汗滴、黑线、石化、问号、速度线按笑点使用。题材建议：选择简单日常事件，让笑点结构清楚可见。风格区分：避免提前暴露笑点。创作真实完整的漫画页面，而不是单张角色插画或四幅无关图片；人物、环境、文字、气泡、音效和特效必须统一属于所选视觉体系。
109,史诗化日常漫画,喜剧叙事结构漫画,把吃饭、迟到、抢咖啡等小事画成世界大战般宏大。,日常小事被战争史诗化、旗帜火光英雄姿态,清晰商业彩漫或轻漫画线条,角色人设反差、表情节奏和身体动作必须直接产生笑点。,明快可读，包袱处允许突然变灰白或爆色,角色和场景易读，关键处可Q版化/颜艺化,把类型片灯光作为核心叙事信息，而不是装饰。,分镜必须服务铺垫—升级—停顿—包袱,汗滴、黑线、石化、问号、速度线按笑点使用,选择简单日常事件，让笑点结构清楚可见,结尾要回到日常,漫画视觉体系：史诗化日常漫画。核心识别锚点：日常小事被战争史诗化、旗帜火光英雄姿态。线条与造型：清晰商业彩漫或轻漫画线条。人物：角色人设反差、表情节奏和身体动作必须直接产生笑点。。色彩：明快可读，包袱处允许突然变灰白或爆色。上色/渲染：角色和场景易读，关键处可Q版化/颜艺化。光影：把类型片灯光作为核心叙事信息，而不是装饰。。分镜与版式：分镜必须服务铺垫—升级—停顿—包袱。材质：汗滴、黑线、石化、问号、速度线按笑点使用。题材建议：选择简单日常事件，让笑点结构清楚可见。风格区分：结尾要回到日常。创作真实完整的漫画页面，而不是单张角色插画或四幅无关图片；人物、环境、文字、气泡、音效和特效必须统一属于所选视觉体系。
110,反高潮漫画,喜剧叙事结构漫画,前面不断升级冲突，最后用极平静或极无聊的结果完成笑点。,前面不断升级，最后突然安静平淡,清晰商业彩漫或轻漫画线条,角色人设反差、表情节奏和身体动作必须直接产生笑点。,明快可读，包袱处允许突然变灰白或爆色,角色和场景易读，关键处可Q版化/颜艺化,把类型片灯光作为核心叙事信息，而不是装饰。,分镜必须服务铺垫—升级—停顿—包袱,汗滴、黑线、石化、问号、速度线按笑点使用,选择简单日常事件，让笑点结构清楚可见,避免最后继续加码,漫画视觉体系：反高潮漫画。核心识别锚点：前面不断升级，最后突然安静平淡。线条与造型：清晰商业彩漫或轻漫画线条。人物：角色人设反差、表情节奏和身体动作必须直接产生笑点。。色彩：明快可读，包袱处允许突然变灰白或爆色。上色/渲染：角色和场景易读，关键处可Q版化/颜艺化。光影：把类型片灯光作为核心叙事信息，而不是装饰。。分镜与版式：分镜必须服务铺垫—升级—停顿—包袱。材质：汗滴、黑线、石化、问号、速度线按笑点使用。题材建议：选择简单日常事件，让笑点结构清楚可见。风格区分：避免最后继续加码。创作真实完整的漫画页面，而不是单张角色插画或四幅无关图片；人物、环境、文字、气泡、音效和特效必须统一属于所选视觉体系。
111,吐槽系漫画,喜剧叙事结构漫画,一个角色疯狂行动，另一个角色冷静吐槽形成固定喜剧关系。,疯癫行动者+冷静吐槽者的固定反差,清晰商业彩漫或轻漫画线条,角色人设反差、表情节奏和身体动作必须直接产生笑点。,明快可读，包袱处允许突然变灰白或爆色,角色和场景易读，关键处可Q版化/颜艺化,把类型片灯光作为核心叙事信息，而不是装饰。,分镜必须服务铺垫—升级—停顿—包袱,汗滴、黑线、石化、问号、速度线按笑点使用,选择简单日常事件，让笑点结构清楚可见,避免两人都同样疯狂,漫画视觉体系：吐槽系漫画。核心识别锚点：疯癫行动者+冷静吐槽者的固定反差。线条与造型：清晰商业彩漫或轻漫画线条。人物：角色人设反差、表情节奏和身体动作必须直接产生笑点。。色彩：明快可读，包袱处允许突然变灰白或爆色。上色/渲染：角色和场景易读，关键处可Q版化/颜艺化。光影：把类型片灯光作为核心叙事信息，而不是装饰。。分镜与版式：分镜必须服务铺垫—升级—停顿—包袱。材质：汗滴、黑线、石化、问号、速度线按笑点使用。题材建议：选择简单日常事件，让笑点结构清楚可见。风格区分：避免两人都同样疯狂。创作真实完整的漫画页面，而不是单张角色插画或四幅无关图片；人物、环境、文字、气泡、音效和特效必须统一属于所选视觉体系。
112,误会系漫画,喜剧叙事结构漫画,角色基于错误理解行动，最后一格揭示真正情况。,角色基于错误信息行动，末格揭示真相,清晰商业彩漫或轻漫画线条,角色人设反差、表情节奏和身体动作必须直接产生笑点。,明快可读，包袱处允许突然变灰白或爆色,角色和场景易读，关键处可Q版化/颜艺化,把类型片灯光作为核心叙事信息，而不是装饰。,分镜必须服务铺垫—升级—停顿—包袱,汗滴、黑线、石化、问号、速度线按笑点使用,选择简单日常事件，让笑点结构清楚可见,避免提前露出关键事实,漫画视觉体系：误会系漫画。核心识别锚点：角色基于错误信息行动，末格揭示真相。线条与造型：清晰商业彩漫或轻漫画线条。人物：角色人设反差、表情节奏和身体动作必须直接产生笑点。。色彩：明快可读，包袱处允许突然变灰白或爆色。上色/渲染：角色和场景易读，关键处可Q版化/颜艺化。光影：把类型片灯光作为核心叙事信息，而不是装饰。。分镜与版式：分镜必须服务铺垫—升级—停顿—包袱。材质：汗滴、黑线、石化、问号、速度线按笑点使用。题材建议：选择简单日常事件，让笑点结构清楚可见。风格区分：避免提前露出关键事实。创作真实完整的漫画页面，而不是单张角色插画或四幅无关图片；人物、环境、文字、气泡、音效和特效必须统一属于所选视觉体系。
113,循环梗漫画,喜剧叙事结构漫画,结尾重新回到开头状态，形成结构性笑点。,首尾构图和动作重复，结尾回到第一格,清晰商业彩漫或轻漫画线条,角色人设反差、表情节奏和身体动作必须直接产生笑点。,明快可读，包袱处允许突然变灰白或爆色,角色和场景易读，关键处可Q版化/颜艺化,把类型片灯光作为核心叙事信息，而不是装饰。,分镜必须服务铺垫—升级—停顿—包袱,汗滴、黑线、石化、问号、速度线按笑点使用,选择简单日常事件，让笑点结构清楚可见,避免首尾无法对应,漫画视觉体系：循环梗漫画。核心识别锚点：首尾构图和动作重复，结尾回到第一格。线条与造型：清晰商业彩漫或轻漫画线条。人物：角色人设反差、表情节奏和身体动作必须直接产生笑点。。色彩：明快可读，包袱处允许突然变灰白或爆色。上色/渲染：角色和场景易读，关键处可Q版化/颜艺化。光影：把类型片灯光作为核心叙事信息，而不是装饰。。分镜与版式：分镜必须服务铺垫—升级—停顿—包袱。材质：汗滴、黑线、石化、问号、速度线按笑点使用。题材建议：选择简单日常事件，让笑点结构清楚可见。风格区分：避免首尾无法对应。创作真实完整的漫画页面，而不是单张角色插画或四幅无关图片；人物、环境、文字、气泡、音效和特效必须统一属于所选视觉体系。
114,无厘头漫画,喜剧叙事结构漫画,剧情逻辑突然跳跃或崩坏，用意外转折制造荒诞效果。,逻辑突然跳跃、不相关物件接管剧情、角色认真接受,清晰商业彩漫或轻漫画线条,角色人设反差、表情节奏和身体动作必须直接产生笑点。,明快可读，包袱处允许突然变灰白或爆色,角色和场景易读，关键处可Q版化/颜艺化,把类型片灯光作为核心叙事信息，而不是装饰。,分镜必须服务铺垫—升级—停顿—包袱,汗滴、黑线、石化、问号、速度线按笑点使用,选择简单日常事件，让笑点结构清楚可见,避免解释合理化,漫画视觉体系：无厘头漫画。核心识别锚点：逻辑突然跳跃、不相关物件接管剧情、角色认真接受。线条与造型：清晰商业彩漫或轻漫画线条。人物：角色人设反差、表情节奏和身体动作必须直接产生笑点。。色彩：明快可读，包袱处允许突然变灰白或爆色。上色/渲染：角色和场景易读，关键处可Q版化/颜艺化。光影：把类型片灯光作为核心叙事信息，而不是装饰。。分镜与版式：分镜必须服务铺垫—升级—停顿—包袱。材质：汗滴、黑线、石化、问号、速度线按笑点使用。题材建议：选择简单日常事件，让笑点结构清楚可见。风格区分：避免解释合理化。创作真实完整的漫画页面，而不是单张角色插画或四幅无关图片；人物、环境、文字、气泡、音效和特效必须统一属于所选视觉体系。
115,超能力日常漫画,喜剧叙事结构漫画,角色能力极强却只用于解决鸡毛蒜皮的小事。,极强超能力只解决起床、拿遥控器等琐事,清晰商业彩漫或轻漫画线条,角色人设反差、表情节奏和身体动作必须直接产生笑点。,明快可读，包袱处允许突然变灰白或爆色,角色和场景易读，关键处可Q版化/颜艺化,把类型片灯光作为核心叙事信息，而不是装饰。,分镜必须服务铺垫—升级—停顿—包袱,汗滴、黑线、石化、问号、速度线按笑点使用,选择简单日常事件，让笑点结构清楚可见,避免拯救世界,漫画视觉体系：超能力日常漫画。核心识别锚点：极强超能力只解决起床、拿遥控器等琐事。线条与造型：清晰商业彩漫或轻漫画线条。人物：角色人设反差、表情节奏和身体动作必须直接产生笑点。。色彩：明快可读，包袱处允许突然变灰白或爆色。上色/渲染：角色和场景易读，关键处可Q版化/颜艺化。光影：把类型片灯光作为核心叙事信息，而不是装饰。。分镜与版式：分镜必须服务铺垫—升级—停顿—包袱。材质：汗滴、黑线、石化、问号、速度线按笑点使用。题材建议：选择简单日常事件，让笑点结构清楚可见。风格区分：避免拯救世界。创作真实完整的漫画页面，而不是单张角色插画或四幅无关图片；人物、环境、文字、气泡、音效和特效必须统一属于所选视觉体系。
116,拟人漫画,喜剧叙事结构漫画,动物、机器、食物或物品具有人格并参与对话。,闹钟、咖啡杯、文件夹等物件人格化并对话,清晰商业彩漫或轻漫画线条,角色人设反差、表情节奏和身体动作必须直接产生笑点。,明快可读，包袱处允许突然变灰白或爆色,角色和场景易读，关键处可Q版化/颜艺化,把类型片灯光作为核心叙事信息，而不是装饰。,分镜必须服务铺垫—升级—停顿—包袱,汗滴、黑线、石化、问号、速度线按笑点使用,选择简单日常事件，让笑点结构清楚可见,避免直接变成人失去物件识别,漫画视觉体系：拟人漫画。核心识别锚点：闹钟、咖啡杯、文件夹等物件人格化并对话。线条与造型：清晰商业彩漫或轻漫画线条。人物：角色人设反差、表情节奏和身体动作必须直接产生笑点。。色彩：明快可读，包袱处允许突然变灰白或爆色。上色/渲染：角色和场景易读，关键处可Q版化/颜艺化。光影：把类型片灯光作为核心叙事信息，而不是装饰。。分镜与版式：分镜必须服务铺垫—升级—停顿—包袱。材质：汗滴、黑线、石化、问号、速度线按笑点使用。题材建议：选择简单日常事件，让笑点结构清楚可见。风格区分：避免直接变成人失去物件识别。创作真实完整的漫画页面，而不是单张角色插画或四幅无关图片；人物、环境、文字、气泡、音效和特效必须统一属于所选视觉体系。
117,社畜漫画,喜剧叙事结构漫画,将职场规则、加班、会议和咖啡等内容戏剧化或战斗化。,PPT像秘籍、老板像BOSS、会议像副本、加班像战斗,清晰商业彩漫或轻漫画线条,角色人设反差、表情节奏和身体动作必须直接产生笑点。,明快可读，包袱处允许突然变灰白或爆色,角色和场景易读，关键处可Q版化/颜艺化,把类型片灯光作为核心叙事信息，而不是装饰。,分镜必须服务铺垫—升级—停顿—包袱,汗滴、黑线、石化、问号、速度线按笑点使用,选择简单日常事件，让笑点结构清楚可见,避免纯写实职场,漫画视觉体系：社畜漫画。核心识别锚点：PPT像秘籍、老板像BOSS、会议像副本、加班像战斗。线条与造型：清晰商业彩漫或轻漫画线条。人物：角色人设反差、表情节奏和身体动作必须直接产生笑点。。色彩：明快可读，包袱处允许突然变灰白或爆色。上色/渲染：角色和场景易读，关键处可Q版化/颜艺化。光影：把类型片灯光作为核心叙事信息，而不是装饰。。分镜与版式：分镜必须服务铺垫—升级—停顿—包袱。材质：汗滴、黑线、石化、问号、速度线按笑点使用。题材建议：选择简单日常事件，让笑点结构清楚可见。风格区分：避免纯写实职场。创作真实完整的漫画页面，而不是单张角色插画或四幅无关图片；人物、环境、文字、气泡、音效和特效必须统一属于所选视觉体系。
118,家庭漫画,喜剧叙事结构漫画,利用家庭成员之间的认知差、习惯差和代际差制造笑点。,祖孙/亲子代际差、暖居家色、温柔笑点,清晰商业彩漫或轻漫画线条,角色人设反差、表情节奏和身体动作必须直接产生笑点。,明快可读，包袱处允许突然变灰白或爆色,角色和场景易读，关键处可Q版化/颜艺化,把类型片灯光作为核心叙事信息，而不是装饰。,分镜必须服务铺垫—升级—停顿—包袱,汗滴、黑线、石化、问号、速度线按笑点使用,选择简单日常事件，让笑点结构清楚可见,避免刻薄讽刺,漫画视觉体系：家庭漫画。核心识别锚点：祖孙/亲子代际差、暖居家色、温柔笑点。线条与造型：清晰商业彩漫或轻漫画线条。人物：角色人设反差、表情节奏和身体动作必须直接产生笑点。。色彩：明快可读，包袱处允许突然变灰白或爆色。上色/渲染：角色和场景易读，关键处可Q版化/颜艺化。光影：把类型片灯光作为核心叙事信息，而不是装饰。。分镜与版式：分镜必须服务铺垫—升级—停顿—包袱。材质：汗滴、黑线、石化、问号、速度线按笑点使用。题材建议：选择简单日常事件，让笑点结构清楚可见。风格区分：避免刻薄讽刺。创作真实完整的漫画页面，而不是单张角色插画或四幅无关图片；人物、环境、文字、气泡、音效和特效必须统一属于所选视觉体系。
119,宠物吐槽漫画,喜剧叙事结构漫画,宠物保持冷静理性，主人不断出糗，形成稳定反差。,宠物冷静旁观、主人持续出糗、宠物内心吐槽,清晰商业彩漫或轻漫画线条,角色人设反差、表情节奏和身体动作必须直接产生笑点。,明快可读，包袱处允许突然变灰白或爆色,角色和场景易读，关键处可Q版化/颜艺化,把类型片灯光作为核心叙事信息，而不是装饰。,分镜必须服务铺垫—升级—停顿—包袱,汗滴、黑线、石化、问号、速度线按笑点使用,选择简单日常事件，让笑点结构清楚可见,避免宠物成人形态,漫画视觉体系：宠物吐槽漫画。核心识别锚点：宠物冷静旁观、主人持续出糗、宠物内心吐槽。线条与造型：清晰商业彩漫或轻漫画线条。人物：角色人设反差、表情节奏和身体动作必须直接产生笑点。。色彩：明快可读，包袱处允许突然变灰白或爆色。上色/渲染：角色和场景易读，关键处可Q版化/颜艺化。光影：把类型片灯光作为核心叙事信息，而不是装饰。。分镜与版式：分镜必须服务铺垫—升级—停顿—包袱。材质：汗滴、黑线、石化、问号、速度线按笑点使用。题材建议：选择简单日常事件，让笑点结构清楚可见。风格区分：避免宠物成人形态。创作真实完整的漫画页面，而不是单张角色插画或四幅无关图片；人物、环境、文字、气泡、音效和特效必须统一属于所选视觉体系。
120,无对白默剧漫画 / Silent Comic,纯视觉叙事漫画,完全或几乎不使用对白，通过表情、动作、视线、构图、象征物与连续镜头推进故事，强调纯视觉叙事。,零对白、零旁白、零拟声词，仅靠动作视线天气道具讲故事,动作轮廓、手势与视线极清楚,表情、手势、人物距离、姿势与目光必须足以替代对白。,色温和天气承担情绪叙事,关键信息全部视觉化,用天气、时间、色温和光线变化推动情绪转折。,镜头顺序无需文字也能理解,用脚印、雨滴、影子、道具等视觉线索替代文字,选择无需文字也能读懂的简单情感事件，如雨天救猫、相遇、离别或成长,禁止任何文字气泡或说明文字,漫画视觉体系：无对白默剧漫画 / Silent Comic。核心识别锚点：零对白、零旁白、零拟声词，仅靠动作视线天气道具讲故事。线条与造型：动作轮廓、手势与视线极清楚。人物：表情、手势、人物距离、姿势与目光必须足以替代对白。。色彩：色温和天气承担情绪叙事。上色/渲染：关键信息全部视觉化。光影：用天气、时间、色温和光线变化推动情绪转折。。分镜与版式：镜头顺序无需文字也能理解。材质：用脚印、雨滴、影子、道具等视觉线索替代文字。题材建议：选择无需文字也能读懂的简单情感事件，如雨天救猫、相遇、离别或成长。风格区分：禁止任何文字气泡或说明文字。创作真实完整的漫画页面，而不是单张角色插画或四幅无关图片；人物、环境、文字、气泡、音效和特效必须统一属于所选视觉体系。 严格禁止对白气泡、旁白、说明文字、标题内剧情文字与拟声词，故事必须仅靠连续画面读懂。
